Country;Year;Total Population;Urban Population;Rural Population;Population Density;Life Expectancy;Birth Rate;Death Rate;Fertility Rate;Infant Mortality Rate;Growth Rate
Afghanistan;2017;0;0;0;55;63;37.342;7.027;5.129;49.4;0
Afghanistan;2018;36,686,784.00;9,353,296.00;27,333,488.00;56;63;36.927;6.981;5.002;47.8;3
Afghanistan;2019;37,769,499.00;9,727,157.00;28,042,342.00;58;64;36.466;6.791;4.87;46.3;3
Afghanistan;2020;38,972,230.00;10,142,913.00;28,829,317.00;60;63;36.051;7.113;4.75;44.8;3
Afghanistan;2021;40,099,462.00;10,551,772.00;29,547,690.00;0;62;35.842;7.344;4.643;43.4;3
Albania;2017;0;0;0;105;79;10.87;8.15;1.491;8.3;0
Albania;2018;2,866,376.00;1,728,969.00;1,137,407.00;105;79;10.517;8.308;1.44;8.3;0
Albania;2019;2,854,191.00;1,747,593.00;1,106,598.00;104;79;10.343;8.48;1.414;8.4;0
Albania;2020;2,837,849.00;1,762,645.00;1,075,204.00;104;77;10.285;10.785;1.4;8.4;1
Albania;2021;2,811,666.00;1,770,478.00;1,041,188.00;0;76;10.24;11.325;1.39;8.4;1
Algeria;2017;0;0;0;17;76;24.755;4.542;3.05;21;0
Algeria;2018;41,927,007.00;30,451,166.00;11,475,841.00;18;76;24.074;4.482;3.023;20.6;2
Algeria;2019;42,705,368.00;31,255,632.00;11,449,736.00;18;76;23.298;4.392;2.988;20.1;2
Algeria;2020;43,451,666.00;32,038,217.00;11,413,449.00;18;74;22.431;5.398;2.942;19.6;2
Algeria;2021;44,177,969.00;32,807,002.00;11,370,967.00;0;76;21.524;4.546;2.889;19.2;2
American Samoa;2018;48,424.00;42,203.00;6,221.00;242;0;0;0;0;0;2
American Samoa;2019;47,321.00;41,239.00;6,082.00;237;0;0;0;0;0;2
American Samoa;2020;46,189.00;40,255.00;5,934.00;231;0;12.7;5.6;0;0;2
American Samoa;2021;45,035.00;39,257.00;5,778.00;0;0;0;0;0;0;3
Andorra;2018;75,013.00;66,058.00;8,955.00;160;0;7.2;4.4;0;2.9;2
Andorra;2019;76,343.00;67,170.00;9,173.00;162;0;7;3.9;0;2.8;2
Andorra;2020;77,700.00;68,311.00;9,389.00;165;0;0;0;0;2.7;2
Andorra;2021;79,034.00;69,438.00;9,596.00;0;0;0;0;0;2.6;2
Angola;2017;0;0;0;24;62;40.81;8.242;5.6;53.8;0
Angola;2018;31,273,533.00;20,488,542.00;10,784,991.00;25;62;40.236;7.99;5.519;52;3
Angola;2019;32,353,588.00;21,410,634.00;10,942,954.00;26;62;39.725;7.811;5.442;50.4;3
Angola;2020;33,428,486.00;22,338,586.00;11,089,900.00;27;62;39.271;7.821;5.371;48.7;3
Angola;2021;34,503,774.00;23,276,246.00;11,227,528.00;0;62;38.809;8.009;5.304;47.2;3
Antigua And Barbuda;2017;0;0;0;207;78;11.789;5.746;1.485;6;0
Antigua And Barbuda;2018;91,626.00;22,539.00;69,087.00;208;79;10.816;5.787;1.371;5.7;1
Antigua And Barbuda;2019;92,117.00;22,574.00;69,543.00;209;79;11.485;5.865;1.468;5.5;1
Antigua And Barbuda;2020;92,664.00;22,641.00;70,023.00;211;79;12.16;5.961;1.569;5.3;1
Antigua And Barbuda;2021;93,219.00;22,727.00;70,492.00;0;78;12.115;6.365;1.58;5.2;1
Argentina;2017;0;0;0;16;77;16.206;7.692;2.168;9.1;0
Argentina;2018;44,494,502.00;40,877,099.00;3,617,403.00;16;77;15.187;7.68;2.039;8.4;1
Argentina;2019;44,938,712.00;41,339,571.00;3,599,141.00;16;77;14.783;7.6;1.994;7.6;1
Argentina;2020;45,376,763.00;41,796,990.00;3,579,773.00;17;76;14.125;8.509;1.911;6.8;1
Argentina;2021;45,808,747.00;42,248,949.00;3,559,798.00;0;75;13.902;8.955;1.885;6.1;1
Armenia;2017;0;0;0;100;75;13.606;9.664;1.562;11.6;0
Armenia;2018;2,836,557.00;1,791,257.00;1,045,300.00;100;75;13.307;9.75;1.572;11.1;1
Armenia;2019;2,820,602.00;1,783,156.00;1,037,446.00;99;75;12.892;9.662;1.575;10.5;1
Armenia;2020;2,805,608.00;1,776,315.00;1,029,293.00;99;72;12.455;12.792;1.575;10;1
Armenia;2021;2,790,974.00;1,770,343.00;1,020,631.00;0;72;12.049;13.007;1.575;9.5;1
Aruba;2017;0;0;0;586;76;11.53;8.414;1.839;0;0
Aruba;2018;105,962.00;45,999.00;59,963.00;589;76;9.881;8.597;1.587;0;0
Aruba;2019;106,442.00;46,351.00;60,091.00;591;76;9.138;8.778;1.486;0;0
Aruba;2020;106,585.00;46,574.00;60,011.00;592;76;8.102;9.69;1.325;0;0
Aruba;2021;106,537.00;46,734.00;59,803.00;0;75;7.193;11.235;1.18;0;0
Australia;2017;0;0;0;3;83;12.6;6.5;1.741;3.2;0
Australia;2018;24,966,643.00;21,474,309.00;3,492,334.00;3;83;12.6;6.3;1.74;3.2;2
Australia;2019;25,340,217.00;21,824,008.00;3,516,209.00;3;83;12.1;6.7;1.657;3.2;1
Australia;2020;25,655,289.00;22,125,378.00;3,529,911.00;3;83;11.5;6.3;1.581;3.2;1
Australia;2021;25,688,079.00;22,184,739.00;3,503,340.00;0;83;12.1;6.7;1.7;3.2;0
Austria;2017;0;0;0;107;82;10;9.5;1.52;2.9;0
Austria;2018;8,840,521.00;5,153,759.00;3,686,762.00;107;82;9.7;9.5;1.47;2.9;0
Austria;2019;8,879,920.00;5,196,085.00;3,683,835.00;108;82;9.6;9.4;1.46;2.9;0
Austria;2020;8,916,864.00;5,238,479.00;3,678,385.00;108;81;9.4;10.3;1.44;3;0
Austria;2021;8,955,797.00;5,283,472.00;3,672,325.00;0;81;9.6;10.3;1.48;3;0
Azerbaijan;2017;0;0;0;119;72;14.6;5.8;1.75;20.4;0
Azerbaijan;2018;9,939,771.00;5,534,464.00;4,405,307.00;120;73;14;5.8;1.73;19.2;1
Azerbaijan;2019;10,024,283.00;5,616,706.00;4,407,577.00;121;73;14.1;5.6;1.81;18.2;1
Azerbaijan;2020;10,093,121.00;5,692,217.00;4,400,904.00;122;67;12.5;7.5;1.7;17.4;1
Azerbaijan;2021;10,137,750.00;5,755,809.00;4,381,941.00;0;69;11.1;7.6;1.52;16.6;0
Bahamas;2017;0;0;0;40;74;11.653;6.84;1.426;11.8;0
Bahamas;2018;401,906.00;333,682.00;68,224.00;40;74;11.566;6.935;1.412;11.7;1
Bahamas;2019;404,557.00;336,316.00;68,241.00;40;71;11.487;7.943;1.398;15.4;1
Bahamas;2020;406,471.00;338,367.00;68,104.00;41;73;11.49;8.076;1.394;11.5;0
Bahamas;2021;407,906.00;340,051.00;67,855.00;0;72;11.445;8.986;1.389;11.4;0
Bahrain;2017;0;0;0;1,868;80;14.506;2.039;2.006;6.2;0
Bahrain;2018;1,487,340.00;1,328,001.00;159,339.00;1,907;80;13.818;1.992;1.93;6.1;2
Bahrain;2019;1,494,188.00;1,335,714.00;158,474.00;1,908;80;13.198;2;1.857;6.1;0
Bahrain;2020;1,477,469.00;1,322,423.00;155,046.00;1,882;79;12.621;2.239;1.832;6;1
Bahrain;2021;1,463,265.00;1,311,407.00;151,858.00;0;79;11.926;2.479;1.811;5.9;1
Bangladesh;2017;0;0;0;1,243;72;18.495;5.442;2.043;28.1;0
Bangladesh;2018;163,683,958.00;59,960,707.00;103,723,251.00;1,257;73;18.462;5.241;2.04;26.7;1
Bangladesh;2019;165,516,222.00;61,911,343.00;103,604,879.00;1,272;73;18.35;5.28;2.031;25.3;1
Bangladesh;2020;167,420,951.00;63,916,296.00;103,504,655.00;1,286;72;18.053;5.816;2.003;24.1;1
Bangladesh;2021;169,356,251.00;65,957,486.00;103,398,765.00;0;72;17.821;5.68;1.981;22.9;1
Barbados;2017;0;0;0;649;77;10.952;8.85;1.615;12.5;0
Barbados;2018;279,688.00;87,114.00;192,574.00;650;77;10.913;8.927;1.619;12.1;0
Barbados;2019;280,180.00;87,298.00;192,882.00;652;77;10.885;8.91;1.623;11.7;0
Barbados;2020;280,693.00;87,551.00;193,142.00;653;77;10.859;8.973;1.628;11.4;0
Barbados;2021;281,200.00;87,864.00;193,336.00;0;78;10.832;9.007;1.633;11.1;0
Belarus;2017;0;0;0;47;74;10.8;12.6;1.541;2.7;0
Belarus;2018;9,438,785.00;7,418,413.00;2,020,372.00;47;74;9.9;12.7;1.448;2.5;0
Belarus;2019;9,419,758.00;7,445,754.00;1,974,004.00;46;74;9.3;12.8;1.382;2.4;0
Belarus;2020;9,379,952.00;7,455,467.00;1,924,485.00;46;72;9.47;16.553;1.474;2.2;0
Belarus;2021;9,302,585.00;7,433,696.00;1,868,889.00;0;72;9.283;16.544;1.483;2.1;1
Belgium;2017;0;0;0;376;81;10.5;9.6;1.65;3.4;0
Belgium;2018;11,427,054.00;11,198,627.00;228,427.00;377;82;10.4;9.7;1.62;3.4;0
Belgium;2019;11,488,980.00;11,263,911.00;225,069.00;379;82;10.2;9.5;1.6;3.4;1
Belgium;2020;11,538,604.00;11,316,947.00;221,657.00;381;81;9.9;11;1.55;3.4;0
Belgium;2021;11,592,952.00;11,374,657.00;218,295.00;0;82;10.2;9.7;1.6;3.4;0
Belize;2017;0;0;0;16;74;21.129;4.712;2.36;11.8;0
Belize;2018;382,066.00;174,696.00;207,370.00;17;74;21.015;4.74;2.345;11.2;2
Belize;2019;389,095.00;178,462.00;210,633.00;17;74;18.886;4.727;2.106;10.6;2
Belize;2020;394,921.00;181,762.00;213,159.00;17;73;17.881;5.244;1.999;10.1;1
Belize;2021;400,031.00;184,818.00;215,213.00;0;70;17.976;6.353;2.01;9.6;1
Benin;2017;0;0;0;103;60;38.678;9.592;5.269;60.8;0
Benin;2018;11,940,683.00;5,649,376.00;6,291,307.00;106;60;38.186;9.428;5.199;59.5;3
Benin;2019;12,290,444.00;5,882,329.00;6,408,115.00;109;60;37.675;9.248;5.13;58;3
Benin;2020;12,643,123.00;6,121,168.00;6,521,955.00;112;60;37.114;9.364;5.048;56.6;3
Benin;2021;12,996,895.00;6,364,839.00;6,632,056.00;0;60;36.608;9.434;4.973;55.2;3
Bermuda;2017;0;0;0;1,183;82;9;7.5;1.4;0;0
Bermuda;2018;63,918.00;63,918.00;0;1,184;81;8.3;8.3;1.3;0;0
Bermuda;2019;63,911.00;63,911.00;0;1,184;81;8.2;8.4;1.3;0;0
Bermuda;2020;63,893.00;63,893.00;0;1,183;81;8.4;8.8;1.4;0;0
Bermuda;2021;63,764.00;63,764.00;0;0;79;7.7;11.3;1.3;0;0
Bhutan;2017;0;0;0;20;71;14.912;6.94;1.704;25.5;0
Bhutan;2018;762,096.00;311,659.00;450,437.00;20;71;13.789;6.766;1.569;24.7;1
Bhutan;2019;767,459.00;319,355.00;448,104.00;20;71;12.871;6.626;1.46;23.9;1
Bhutan;2020;772,506.00;326,894.00;445,612.00;20;72;12.65;6.545;1.433;23.1;1
Bhutan;2021;777,486.00;334,381.00;443,105.00;0;72;12.482;6.477;1.413;22.5;1
Bolivia;2017;0;0;0;11;68;22.986;7.107;2.777;23.5;0
Bolivia;2018;11,606,905.00;8,058,094.00;3,548,811.00;11;68;22.634;7.124;2.73;22.6;1
Bolivia;2019;11,777,315.00;8,217,386.00;3,559,929.00;11;68;22.323;7.127;2.688;21.7;1
Bolivia;2020;11,936,162.00;8,369,995.00;3,566,167.00;11;64;22.056;9.3;2.651;20.9;1
Bolivia;2021;12,079,472.00;8,513,008.00;3,566,464.00;0;64;21.836;9.945;2.618;20.2;1
Bosnia;2017;0;0;0;67;77;9.02;11.842;1.355;5.3;0
Bosnia;2018;3,400,129.00;1,640,392.00;1,759,737.00;66;77;9.067;12.056;1.384;5.2;1
Bosnia;2019;3,360,711.00;1,634,179.00;1,726,532.00;66;77;8.819;12.266;1.368;5.1;1
Bosnia;2020;3,318,407.00;1,626,683.00;1,691,724.00;65;76;8.611;14.094;1.359;5;1
Bosnia;2021;3,270,943.00;1,616,664.00;1,654,279.00;0;75;8.42;15.712;1.35;4.8;1
Botswana;2017;0;0;0;4;67;25.672;6.308;2.91;32.3;0
Botswana;2018;2,451,409.00;1,702,405.00;749,004.00;4;65;25.328;6.922;2.903;30.9;2
Botswana;2019;2,499,702.00;1,754,091.00;745,611.00;4;65;24.887;6.974;2.883;29.9;2
Botswana;2020;2,546,402.00;1,804,813.00;741,589.00;4;66;24.195;6.95;2.836;29;2
Botswana;2021;2,588,423.00;1,852,275.00;736,148.00;0;61;23.576;9.461;2.791;28.3;2
Brazil;2017;0;0;0;25;75;14.159;6.493;1.736;13.8;0
Brazil;2018;210,166,592.00;181,939,117.00;28,227,475.00;25;75;14.133;6.516;1.749;13.5;1
Brazil;2019;211,782,878.00;183,878,366.00;27,904,512.00;25;75;13.633;6.572;1.703;13.4;1
Brazil;2020;213,196,304.00;185,636,418.00;27,559,886.00;26;74;13.078;7.42;1.649;13.1;1
Brazil;2021;214,326,223.00;187,143,228.00;27,182,995.00;0;73;12.883;8.326;1.641;12.9;1
British Virgin Islands;2017;0;0;0;200;75;6.847;6.143;0.872;11.3;0
British Virgin Islands;2018;30,335.00;14,477.00;15,858.00;202;76;7.114;5.988;0.917;10.9;1
British Virgin Islands;2019;30,610.00;14,728.00;15,882.00;204;76;7.29;6.156;0.948;10.6;1
British Virgin Islands;2020;30,910.00;14,996.00;15,914.00;206;76;7.448;6.38;0.976;10.3;1
British Virgin Islands;2021;31,122.00;15,225.00;15,897.00;0;74;7.634;7.613;1.005;9.9;1
Brunei;2017;0;0;0;82;75;15.544;4.556;1.881;9.2;0
Brunei;2018;434,274.00;337,123.00;97,151.00;82;75;15.05;4.7;1.848;9.4;1
Brunei;2019;438,048.00;341,423.00;96,625.00;83;75;14.585;4.834;1.819;9.5;1
Brunei;2020;441,725.00;345,650.00;96,075.00;84;75;14.165;4.975;1.796;9.6;1
Brunei;2021;445,373.00;349,858.00;95,515.00;0;75;13.8;5.211;1.778;9.6;1
Bulgaria;2017;0;0;0;65;75;9;15.5;1.56;6.1;0
Bulgaria;2018;7,025,037.00;5,269,340.00;1,755,697.00;65;75;8.9;15.4;1.56;5.8;1
Bulgaria;2019;6,975,761.00;5,256,027.00;1,719,734.00;64;75;8.8;15.5;1.58;5.6;1
Bulgaria;2020;6,934,015.00;5,248,079.00;1,685,936.00;64;74;8.5;18;1.56;5.4;1
Bulgaria;2021;6,877,743.00;5,228,804.00;1,648,939.00;0;72;8.5;21.7;1.58;5.3;1
Burkina Faso;2017;0;0;0;72;60;37.898;9.113;5.162;56.9;0
Burkina Faso;2018;20,392,723.00;5,986,896.00;14,405,827.00;75;60;37.294;8.809;5.069;55.6;3
Burkina Faso;2019;20,951,639.00;6,281,301.00;14,670,338.00;77;60;36.689;8.75;4.971;54.2;3
Burkina Faso;2020;21,522,626.00;6,587,430.00;14,935,196.00;79;60;36.085;8.813;4.869;53;3
Burkina Faso;2021;22,100,683.00;6,904,253.00;15,196,430.00;0;59;35.541;8.958;4.772;51.8;3
Burundi;2017;0;0;0;434;62;38.124;7.772;5.481;42.9;0
Burundi;2018;11,493,472.00;1,497,829.00;9,995,643.00;448;62;37.011;7.648;5.38;41.3;3
Burundi;2019;11,874,838.00;1,587,191.00;10,287,647.00;462;62;36.323;7.352;5.271;40;3
Burundi;2020;12,220,227.00;1,675,149.00;10,545,078.00;476;62;35.603;7.562;5.177;38.8;3
Burundi;2021;12,551,213.00;1,764,450.00;10,786,763.00;0;62;34.842;7.474;5.078;37.6;3
Cabo Verde;2017;0;0;0;140;77;19.006;4.868;2.091;14.6;0
Cabo Verde;2018;571,202.00;375,462.00;195,740.00;142;76;17.821;5.275;1.964;13.7;1
Cabo Verde;2019;577,030.00;381,965.00;195,065.00;143;76;17.463;5.162;1.932;12.9;1
Cabo Verde;2020;582,640.00;388,341.00;194,299.00;145;75;17.158;5.692;1.908;12.2;1
Cabo Verde;2021;587,925.00;394,509.00;193,416.00;0;74;16.951;6.028;1.896;11.7;1
Cambodia;2017;0;0;0;90;71;21.348;5.775;2.473;24.9;0
Cambodia;2018;16,025,238.00;3,747,983.00;12,277,255.00;91;71;20.805;5.874;2.435;23.9;1
Cambodia;2019;16,207,746.00;3,858,254.00;12,349,492.00;92;71;20.28;5.947;2.402;23;1
Cambodia;2020;16,396,860.00;3,973,287.00;12,423,573.00;93;70;19.849;6.228;2.381;22.1;1
Cambodia;2021;16,589,023.00;4,092,180.00;12,496,843.00;0;70;19.334;6.838;2.344;21.3;1
Cameroon;2017;0;0;0;52;61;37.403;8.594;4.774;53.2;0
Cameroon;2018;25,076,747.00;14,136,765.00;10,939,982.00;53;61;36.716;8.379;4.694;51.5;3
Cameroon;2019;25,782,341.00;14,687,684.00;11,094,657.00;55;62;36.147;8.16;4.623;50.1;3
Cameroon;2020;26,491,087.00;15,248,270.00;11,242,817.00;56;61;35.507;8.419;4.543;48.5;3
Cameroon;2021;27,198,628.00;15,815,458.00;11,383,170.00;0;60;34.938;8.582;4.463;47;3
Canada;2017;0;0;0;4;82;10.3;7.5;1.55;4.6;0
Canada;2018;37,065,084.00;30,175,056.00;6,890,028.00;4;82;10.1;7.7;1.51;4.6;1
Canada;2019;37,601,230.00;30,638,234.00;6,962,996.00;4;82;9.9;7.6;1.47;4.5;1
Canada;2020;38,007,166.00;30,999,405.00;7,007,761.00;4;82;9.5;8.1;1.41;4.5;1
Canada;2021;38,226,498.00;31,213,082.00;7,013,416.00;0;83;9.6;7.8;1.43;4.4;1
Cayman Islands;2018;64,884.00;64,884.00;0;270;0;9.9;3.3;0;0;2
Cayman Islands;2019;66,134.00;66,134.00;0;276;0;9.8;3.9;0;0;2
Cayman Islands;2020;67,311.00;67,311.00;0;280;0;12.6;3.3;0;0;2
Cayman Islands;2021;68,136.00;68,136.00;0;0;0;12.4;4;0;0;1
Central African Republic;2017;0;0;0;8;54;41.602;11.544;6.048;81.7;0
Central African Republic;2018;5,094,780.00;2,107,405.00;2,987,375.00;8;54;41.831;11.23;6.037;80.3;2
Central African Republic;2019;5,209,324.00;2,175,935.00;3,033,389.00;8;55;41.92;10.873;6.008;78.6;2
Central African Republic;2020;5,343,020.00;2,254,648.00;3,088,372.00;9;55;42.175;11.041;5.985;77.2;3
Central African Republic;2021;5,457,154.00;2,327,367.00;3,129,787.00;0;54;42.68;11.393;5.978;75.4;2
Chad;2017;0;0;0;12;52;44.811;13.043;6.537;72.7;0
Chad;2018;15,604,210.00;3,598,175.00;12,006,035.00;12;53;44.37;12.671;6.464;71;3
Chad;2019;16,126,866.00;3,754,173.00;12,372,693.00;13;53;44.229;12.369;6.412;69.3;3
Chad;2020;16,644,701.00;3,914,834.00;12,729,867.00;13;53;43.849;12.486;6.346;67.6;3
Chad;2021;17,179,740.00;4,085,514.00;13,094,226.00;0;53;43.357;12.504;6.255;66;3
Channel Islands;2018;167,259.00;51,706.00;115,553.00;0;81;9.662;8.717;1.435;0;1
Channel Islands;2019;169,410.00;52,400.00;117,010.00;0;81;9.834;8.547;1.441;0;1
Channel Islands;2020;171,113.00;52,982.00;118,131.00;0;81;10.011;8.474;1.447;0;1
Channel Islands;2021;172,683.00;53,552.00;119,131.00;0;81;10.117;8.449;1.457;0;1
Chile;2017;0;0;0;25;80;12.13;6.139;1.598;6.5;0
Chile;2018;18,701,450.00;16,375,738.00;2,325,712.00;25;80;11.94;6.327;1.564;6.3;2
Chile;2019;19,039,485.00;16,686,776.00;2,352,709.00;26;80;11.855;6.346;1.545;6.1;2
Chile;2020;19,300,315.00;16,931,587.00;2,368,728.00;26;79;11.834;7.221;1.537;5.9;1
Chile;2021;19,493,184.00;17,118,329.00;2,374,855.00;0;79;11.788;7.426;1.537;5.6;1
China;2017;0;0;0;148;77;12.64;7.06;1.813;7;0
China;2018;1,402,760,000.00;829,760,595.00;572,999,405.00;149;78;10.86;7.08;1.554;6.4;0
China;2019;1,407,745,000.00;848,982,855.00;558,762,145.00;149;78;10.41;7.09;1.496;5.9;0
China;2020;1,411,100,000.00;866,810,508.00;544,289,492.00;150;78;8.52;7.07;1.281;5.5;0
China;2021;1,412,360,000.00;882,894,483.00;529,465,517.00;0;78;7.52;7.18;1.164;5.1;0
Colombia;2017;0;0;0;44;77;15.081;5.249;1.818;12.6;0
Colombia;2018;49,276,961.00;39,804,944.00;9,472,017.00;44;77;14.841;5.311;1.787;12.2;2
Colombia;2019;50,187,406.00;40,703,994.00;9,483,412.00;45;77;14.682;5.411;1.765;11.8;2
Colombia;2020;50,930,662.00;41,470,292.00;9,460,370.00;46;75;14.435;6.606;1.737;11.4;1
Colombia;2021;51,516,562.00;42,109,638.00;9,406,924.00;0;73;14.204;7.735;1.717;11.1;1
Comoros;2017;0;0;0;409;64;31.33;8.326;4.278;44.3;0
Comoros;2018;776,313.00;224,859.00;551,454.00;417;64;30.859;8.235;4.196;42.9;2
Comoros;2019;790,986.00;230,683.00;560,303.00;425;64;30.4;8.203;4.125;41.6;2
Comoros;2020;806,166.00;236,852.00;569,314.00;433;64;29.896;8.274;4.052;40.4;2
Comoros;2021;821,625.00;243,308.00;578,317.00;0;63;29.398;8.718;3.978;39.3;2
Costa Rica;2017;0;0;0;98;79;13.926;5.18;1.74;7.5;0
Costa Rica;2018;5,040,734.00;3,999,318.00;1,041,416.00;99;79;13.562;5.276;1.709;7.4;1
Costa Rica;2019;5,084,532.00;4,071,490.00;1,013,042.00;100;79;12.847;5.468;1.632;7.2;1
Costa Rica;2020;5,123,105.00;4,137,983.00;985,122.00;100;79;12.152;5.627;1.555;6.7;1
Costa Rica;2021;5,153,957.00;4,196,609.00;957,348.00;0;77;11.873;7.192;1.533;6.2;1
Croatia;2017;0;0;0;74;78;8.9;13;1.42;4.1;0
Croatia;2018;4,087,843.00;2,327,904.00;1,759,939.00;73;78;9;12.9;1.47;4;1
Croatia;2019;4,065,253.00;2,327,032.00;1,738,221.00;73;78;8.9;12.7;1.47;4;1
Croatia;2020;4,047,680.00;2,329,561.00;1,718,119.00;72;78;8.9;14.1;1.48;4;0
Croatia;2021;3,879,000.00;2,245,088.00;1,633,912.00;0;76;9.4;16.2;1.62;3.9;4
Cuba;2017;0;0;0;109;78;10.182;9.622;1.593;4.3;0
Cuba;2018;11,328,244.00;8,726,939.00;2,601,305.00;109;77;10.348;9.815;1.631;4.2;0
Cuba;2019;11,316,697.00;8,726,192.00;2,590,505.00;109;78;9.752;9.861;1.551;4.2;0
Cuba;2020;11,300,698.00;8,723,461.00;2,577,237.00;109;78;9.344;10.23;1.5;4.1;0
Cuba;2021;11,256,372.00;8,700,275.00;2,556,097.00;0;74;8.922;14.652;1.442;4;0
Curacao;2017;0;0;0;361;78;9.7;8.9;1.5;0;0
Curacao;2018;159,336.00;142,040.00;17,296.00;359;0;10.5;8.8;1.7;0;1
Curacao;2019;157,441.00;140,277.00;17,164.00;355;0;10.1;8.8;1.6;0;1
Curacao;2020;154,947.00;137,999.00;16,948.00;349;0;8.7;9.3;1.4;0;2
Curacao;2021;152,369.00;135,666.00;16,703.00;0;0;8.6;11.1;1.384;0;2
Cyprus;2017;0;0;0;131;81;10.994;6.453;1.322;2.3;0
Cyprus;2018;1,218,831.00;814,301.00;404,530.00;132;81;10.843;6.612;1.32;2.3;1
Cyprus;2019;1,228,836.00;820,924.00;407,912.00;133;81;10.794;6.769;1.332;2.3;1
Cyprus;2020;1,237,537.00;826,935.00;410,602.00;134;81;10.583;6.93;1.328;2.3;1
Cyprus;2021;1,244,188.00;831,814.00;412,374.00;0;81;10.313;7.257;1.321;2.3;1
Czech Republic;2017;0;0;0;137;79;10.8;10.5;1.69;2.6;0
Czech Republic;2018;10,629,928.00;7,844,036.00;2,785,892.00;138;79;10.7;10.6;1.71;2.5;0
Czech Republic;2019;10,671,870.00;7,888,753.00;2,783,117.00;138;79;10.5;10.5;1.71;2.4;0
Czech Republic;2020;10,697,858.00;7,922,941.00;2,774,917.00;139;78;10.3;12.1;1.71;2.3;0
Czech Republic;2021;10,505,772.00;7,796,754.00;2,709,018.00;0;77;10.6;13.3;1.83;2.2;2
Democratic Republic Of Congo;2017;0;0;0;37;59;43.251;9.865;6.349;69.5;0
Democratic Republic Of Congo;2018;87,087,355.00;38,719,038.00;48,368,317.00;38;60;42.989;9.573;6.302;67.6;3
Democratic Republic Of Congo;2019;89,906,890.00;40,499,458.00;49,407,432.00;40;60;42.656;9.38;6.253;65.9;3
Democratic Republic Of Congo;2020;92,853,164.00;42,376,327.00;50,476,837.00;41;60;42.311;9.537;6.206;64.1;3
Democratic Republic Of Congo;2021;95,894,118.00;44,336,645.00;51,557,473.00;0;59;42.049;9.7;6.156;62.4;3
Denmark;2017;0;0;0;144;81;10.6;9.2;1.75;3.4;0
Denmark;2018;5,793,636.00;5,091,100.00;702,536.00;145;81;10.6;9.5;1.73;3.3;0
Denmark;2019;5,814,422.00;5,116,342.00;698,080.00;145;81;10.5;9.3;1.7;3.3;0
Denmark;2020;5,831,404.00;5,138,400.00;693,004.00;146;82;10.4;9.4;1.68;3.2;0
Denmark;2021;5,856,733.00;5,167,981.00;688,752.00;0;81;10.8;9.8;1.72;3.1;0
Djibouti;2017;0;0;0;45;63;23.276;8.37;2.972;51.7;0
Djibouti;2018;1,057,198.00;822,257.00;234,941.00;46;63;22.982;8.347;2.929;50.3;2
Djibouti;2019;1,073,994.00;836,802.00;237,192.00;46;63;22.748;8.421;2.891;48.7;2
Djibouti;2020;1,090,156.00;850,998.00;239,158.00;47;63;22.477;8.821;2.848;47.2;1
Djibouti;2021;1,105,557.00;864,734.00;240,823.00;0;62;22.205;9.147;2.804;45.9;1
Dominica;2017;0;0;0;94;68;13.13;11.455;1.629;29.8;0
Dominica;2018;70,823.00;49,918.00;20,905.00;94;74;13.191;8.417;1.617;30.7;1
Dominica;2019;71,428.00;50,561.00;20,867.00;95;74;13.272;8.369;1.611;31.3;1
Dominica;2020;71,995.00;51,181.00;20,814.00;96;74;13.301;8.177;1.597;31.7;1
Dominica;2021;72,412.00;51,699.00;20,713.00;0;73;13.326;8.986;1.595;32;1
Dominican Republic;2017;0;0;0;220;73;19.993;6.032;2.39;28.8;0
Dominican Republic;2018;10,765,531.00;8,728,047.00;2,037,484.00;223;73;19.762;6.06;2.381;28.6;1
Dominican Republic;2019;10,881,882.00;8,904,426.00;1,977,456.00;225;74;19.291;6.006;2.344;28.3;1
Dominican Republic;2020;10,999,664.00;9,079,123.00;1,920,541.00;228;73;18.78;6.46;2.303;27.8;1
Dominican Republic;2021;11,117,873.00;9,251,516.00;1,866,357.00;0;73;18.432;6.678;2.273;27.3;1
Ecuador;2017;0;0;0;67;77;17.996;4.872;2.174;12.4;0
Ecuador;2018;17,015,672.00;10,859,572.00;6,156,100.00;69;77;17.658;4.911;2.133;12;2
Ecuador;2019;17,343,740.00;11,097,565.00;6,246,175.00;70;77;17.338;4.913;2.088;11.5;2
Ecuador;2020;17,588,595.00;11,285,898.00;6,302,697.00;71;72;17.037;7.534;2.051;11.1;1
Ecuador;2021;17,797,737.00;11,454,802.00;6,342,935.00;0;74;16.817;6.719;2.026;10.7;1
Egypt;2017;0;0;0;102;71;25.231;5.482;3.151;18.6;0
Egypt;2018;103,740,765.00;44,301,456.00;59,439,309.00;104;71;24.562;5.511;3.098;17.9;2
Egypt;2019;105,618,671.00;45,130,858.00;60,487,813.00;106;71;23.568;5.581;3.001;17.3;2
Egypt;2020;107,465,134.00;45,976,808.00;61,488,326.00;108;71;23.051;5.851;2.96;16.8;2
Egypt;2021;109,262,178.00;46,831,955.00;62,430,223.00;0;70;22.558;6.327;2.917;16.2;2
El Salvador;2017;0;0;0;302;72;16.974;6.857;1.896;12.3;0
El Salvador;2018;6,276,342.00;4,520,410.00;1,755,932.00;303;73;16.536;6.938;1.849;11.9;0
El Salvador;2019;6,280,217.00;4,568,607.00;1,711,610.00;303;73;16.416;7.451;1.838;11.5;0
El Salvador;2020;6,292,731.00;4,621,633.00;1,671,098.00;304;71;16.188;8.442;1.819;11.1;0
El Salvador;2021;6,314,167.00;4,679,934.00;1,634,233.00;0;71;16.025;8.661;1.803;10.7;0
Equatorial Guinea;2017;0;0;0;52;61;33.507;9.096;4.599;64.1;0
Equatorial Guinea;2018;1,502,091.00;1,083,654.00;418,437.00;54;61;32.667;8.85;4.513;62.2;3
Equatorial Guinea;2019;1,553,031.00;1,127,920.00;425,111.00;55;62;31.874;8.582;4.429;60.4;3
Equatorial Guinea;2020;1,596,049.00;1,166,712.00;429,337.00;57;61;31.174;9.026;4.346;58.8;3
Equatorial Guinea;2021;1,634,466.00;1,202,330.00;432,136.00;0;61;30.498;9.042;4.266;57.2;2
Eritrea;2017;0;0;0;28;67;29.421;6.504;4.112;32.2;0
Eritrea;2018;3,445,374.00;1,380,906.00;2,064,468.00;28;67;29.105;6.353;4.056;31.4;1
Eritrea;2019;3,498,818.00;1,424,439.00;2,074,379.00;29;67;28.941;6.309;3.997;30.5;2
Eritrea;2020;3,555,868.00;1,470,245.00;2,085,623.00;29;67;28.706;6.424;3.933;29.7;2
Eritrea;2021;3,620,312.00;1,519,988.00;2,100,324.00;0;67;28.624;6.729;3.867;28.9;2
Estonia;2017;0;0;0;31;78;10.5;11.8;1.59;2.1;0
Estonia;2018;1,321,977.00;910,578.00;411,399.00;31;78;10.9;11.9;1.67;1.9;0
Estonia;2019;1,326,898.00;916,236.00;410,662.00;31;79;10.6;11.6;1.66;1.8;0
Estonia;2020;1,329,522.00;920,415.00;409,107.00;31;79;9.9;11.9;1.58;1.7;0
Estonia;2021;1,330,932.00;923,866.00;407,066.00;0;77;10;14;1.61;1.6;0
Eswatini;2017;0;0;0;67;58;26.408;9.936;3.015;49;0
Eswatini;2018;1,160,428.00;276,170.00;884,258.00;67;59;25.718;9.324;2.962;45.4;1
Eswatini;2019;1,169,613.00;280,485.00;889,128.00;68;61;25.118;8.923;2.921;43.9;1
Eswatini;2020;1,180,655.00;285,376.00;895,279.00;69;60;24.615;9.603;2.89;44.2;1
Eswatini;2021;1,192,271.00;290,545.00;901,726.00;0;57;24.134;11.356;2.839;41.5;1
Ethiopia;2017;0;0;0;96;65;33.059;6.767;4.39;39.6;0
Ethiopia;2018;111,129,438.00;23,073,805.00;88,055,633.00;98;65;32.996;6.569;4.343;38;3
Ethiopia;2019;114,120,594.00;24,222,096.00;89,898,498.00;101;66;33.123;6.439;4.323;36.6;3
Ethiopia;2020;117,190,911.00;25,424,568.00;91,766,343.00;104;65;32.78;6.616;4.243;35.4;3
Ethiopia;2021;120,283,026.00;26,671,558.00;93,611,468.00;0;65;32.383;6.776;4.159;34.3;3
Faroe Islands;2017;0;0;0;36;82;13.1;8.9;2.479;0;0
Faroe Islands;2018;50,955.00;21,434.00;29,521.00;37;83;13.4;7.7;2.501;0;1
Faroe Islands;2019;51,681.00;21,822.00;29,859.00;37;83;13.2;8;2.408;0;1
Faroe Islands;2020;52,415.00;22,223.00;30,192.00;38;83;12.9;7;2.323;0;1
Faroe Islands;2021;52,889.00;22,522.00;30,367.00;0;83;12.8;8.1;2.293;0;1
Fiji;2017;0;0;0;50;68;20.55;7.703;2.557;21.6;0
Fiji;2018;918,996.00;516,917.00;402,079.00;50;68;20.187;7.832;2.53;22.1;0
Fiji;2019;918,465.00;521,229.00;397,236.00;50;68;19.962;7.941;2.519;22.6;0
Fiji;2020;920,422.00;526,914.00;393,508.00;50;68;19.628;8.078;2.495;23.1;0
Fiji;2021;924,610.00;533,870.00;390,740.00;0;67;19.345;8.859;2.475;23.3;0
Finland;2017;0;0;0;18;82;9.1;9.8;1.49;1.9;0
Finland;2018;5,515,525.00;4,709,266.00;806,259.00;18;82;8.6;9.9;1.41;1.9;0
Finland;2019;5,521,606.00;4,717,991.00;803,615.00;18;82;8.3;9.8;1.35;1.9;0
Finland;2020;5,529,543.00;4,728,699.00;800,844.00;18;82;8.4;10;1.37;1.8;0
Finland;2021;5,541,017.00;4,742,889.00;798,128.00;0;82;9;10.4;1.46;1.8;0
France;2017;0;0;0;122;83;11.5;9.1;1.89;3.3;0
France;2018;67,158,348.00;54,024,861.00;13,133,487.00;123;83;11.3;9.1;1.87;3.4;0
France;2019;67,388,001.00;54,388,182.00;12,999,819.00;123;83;11.2;9.1;1.86;3.4;0
France;2020;67,571,107.00;54,715,704.00;12,855,403.00;123;82;10.9;9.9;1.83;3.4;0
France;2021;67,749,632.00;55,041,156.00;12,708,476.00;0;82;10.9;9.7;1.83;3.4;0
French Polynesia;2017;0;0;0;85;83;14.015;3.219;1.804;0;0
French Polynesia;2018;297,606.00;184,022.00;113,584.00;86;83;13.777;3.31;1.789;0;1
French Polynesia;2019;299,717.00;185,516.00;114,201.00;86;83;13.088;3.391;1.712;0;1
French Polynesia;2020;301,920.00;187,115.00;114,805.00;87;82;12.924;3.859;1.705;0;1
French Polynesia;2021;304,032.00;188,701.00;115,331.00;0;79;12.759;5.376;1.699;0;1
Gabon;2017;0;0;0;8;66;29.713;7.054;3.752;33.2;0
Gabon;2018;2,192,012.00;1,959,001.00;233,011.00;9;66;29.004;6.986;3.679;32.2;2
Gabon;2019;2,242,785.00;2,012,698.00;230,087.00;9;67;28.354;6.856;3.615;31.2;2
Gabon;2020;2,292,573.00;2,065,425.00;227,148.00;9;67;27.695;6.909;3.548;29.8;2
Gabon;2021;2,341,179.00;2,116,964.00;224,215.00;0;66;27.142;7.258;3.491;29.4;2
Gambia;2017;0;0;0;235;63;35.743;7.396;5.091;37.7;0
Gambia;2018;2,444,916.00;1,498,000.00;946,916.00;242;63;34.924;7.323;4.972;36.7;3
Gambia;2019;2,508,883.00;1,553,776.00;955,107.00;248;64;34.281;6.999;4.869;35.8;3
Gambia;2020;2,573,995.00;1,610,858.00;963,137.00;254;63;33.719;7.373;4.777;34.9;3
Gambia;2021;2,639,916.00;1,669,008.00;970,908.00;0;62;33.257;7.543;4.684;34;3
Georgia;2017;0;0;0;65;74;14.856;12.603;2.144;8.9;0
Georgia;2018;3,726,549.00;2,184,950.00;1,541,599.00;65;73;14.395;12.963;2.114;8.8;0
Georgia;2019;3,720,161.00;2,196,346.00;1,523,815.00;65;73;13.451;12.88;2.011;8.6;0
Georgia;2020;3,722,716.00;2,213,266.00;1,509,450.00;65;73;12.966;13.976;1.971;8.5;0
Georgia;2021;3,708,610.00;2,220,419.00;1,488,191.00;0;72;13.412;15.166;2.081;8.4;0
Germany;2017;0;0;0;237;81;9.5;11.3;1.57;3.3;0
Germany;2018;82,905,782.00;64,096,118.00;18,809,664.00;237;81;9.5;11.5;1.57;3.2;0
Germany;2019;83,092,962.00;64,294,010.00;18,798,952.00;238;81;9.4;11.3;1.54;3.2;0
Germany;2020;83,160,871.00;64,410,589.00;18,750,282.00;238;81;9.3;11.9;1.53;3.1;0
Germany;2021;83,196,078.00;64,513,567.00;18,682,511.00;0;81;9.6;12.3;1.58;3;0
Ghana;2017;0;0;0;133;64;28.978;7.39;3.713;36.7;0
Ghana;2018;30,870,641.00;17,306,081.00;13,564,560.00;136;64;29.025;7.373;3.731;35.6;2
Ghana;2019;31,522,290.00;17,875,345.00;13,646,945.00;139;65;28.572;7.143;3.683;34.5;2
Ghana;2020;32,180,401.00;18,455,138.00;13,725,263.00;141;64;28.038;7.448;3.623;33.5;2
Ghana;2021;32,833,031.00;19,038,233.00;13,794,798.00;0;64;27.548;7.627;3.563;32.6;2
Gibraltar;2017;0;0;0;3,260;82;11.482;8.182;1.895;0;0
Gibraltar;2018;32,648.00;32,648.00;0;3,265;82;11.242;8.191;1.879;0;0
Gibraltar;2019;32,685.00;32,685.00;0;3,269;82;11.015;8.283;1.863;0;0
Gibraltar;2020;32,709.00;32,709.00;0;3,271;82;10.844;8.685;1.855;0;0
Gibraltar;2021;32,669.00;32,669.00;0;0;79;10.714;11.546;1.848;0;0
Greece;2017;0;0;0;83;81;8.2;11.6;1.35;3.8;0
Greece;2018;10,732,882.00;8,485,202.00;2,247,680.00;83;82;8.1;11.2;1.35;3.7;0
Greece;2019;10,721,582.00;8,511,650.00;2,209,932.00;83;82;7.8;11.7;1.34;3.5;0
Greece;2020;10,698,599.00;8,528,388.00;2,170,211.00;83;81;7.9;12.2;1.39;3.4;0
Greece;2021;10,641,221.00;8,517,020.00;2,124,201.00;0;80;8;13.5;1.39;3.3;1
Greenland;2017;0;0;0;0;72;15.2;8.9;2.09;0;0
Greenland;2018;56,023.00;48,637.00;7,386.00;0;72;14.6;8.7;2;0;0
Greenland;2019;56,225.00;48,945.00;7,280.00;0;72;15.1;9.8;2.08;0;0
Greenland;2020;56,367.00;49,198.00;7,169.00;0;72;14.8;9.2;2.019;0;0
Greenland;2021;56,653.00;49,575.00;7,078.00;0;71;13.4;9.4;1.8;0;1
Grenada;2017;0;0;0;356;75;17.191;7.9;2.083;14.5;0
Grenada;2018;121,838.00;44,193.00;77,645.00;358;75;16.92;7.956;2.063;14.6;1
Grenada;2019;122,724.00;44,667.00;78,057.00;361;75;16.617;8.008;2.042;14.6;1
Grenada;2020;123,663.00;45,183.00;78,480.00;364;75;16.288;8.061;2.023;14.6;1
Grenada;2021;124,610.00;45,724.00;78,886.00;0;75;15.961;8.151;2.004;14.4;1
Guam;2017;0;0;0;312;77;17.997;6.127;2.805;0;0
Guam;2018;168,678.00;159,873.00;8,805.00;312;77;17.02;6.21;2.671;0;0
Guam;2019;168,624.00;159,955.00;8,669.00;312;78;16.624;6.304;2.623;0;0
Guam;2020;169,231.00;160,665.00;8,566.00;313;77;16.363;7.178;2.593;0;0
Guam;2021;170,534.00;162,033.00;8,501.00;0;77;16.376;7.337;2.569;0;1
Guatemala;2017;0;0;0;150;73;24.791;5.015;2.857;22.2;0
Guatemala;2018;16,346,950.00;8,345,772.00;8,001,178.00;153;73;23.929;4.995;2.743;21.5;2
Guatemala;2019;16,604,026.00;8,540,945.00;8,063,081.00;155;73;22.858;4.892;2.61;20.8;2
Guatemala;2020;16,858,333.00;8,738,685.00;8,119,648.00;157;72;21.816;5.337;2.484;20.2;2
Guatemala;2021;17,109,746.00;8,938,987.00;8,170,759.00;0;69;21.12;6.504;2.395;19.6;1
Guinea;2017;0;0;0;50;59;36.625;10.121;4.789;69.2;0
Guinea;2018;12,554,864.00;4,537,328.00;8,017,536.00;51;59;35.931;9.94;4.669;68;3
Guinea;2019;12,877,539.00;4,700,302.00;8,177,237.00;52;60;35.436;9.712;4.576;66.8;3
Guinea;2020;13,205,153.00;4,869,400.00;8,335,753.00;54;59;34.944;9.847;4.489;65.4;3
Guinea;2021;13,531,906.00;5,042,529.00;8,489,377.00;0;59;34.425;9.99;4.399;63.8;2
Guinea0Bissau;2017;0;0;0;67;60;33.285;8.642;4.358;56.3;0
Guinea0Bissau;2018;1,924,955.00;834,660.00;1,090,295.00;68;61;32.657;8.401;4.263;54.6;2
Guinea0Bissau;2019;1,970,457.00;862,607.00;1,107,850.00;70;61;32.093;8.206;4.172;52.9;2
Guinea0Bissau;2020;2,015,828.00;890,915.00;1,124,913.00;72;60;31.605;8.574;4.094;51.5;2
Guinea0Bissau;2021;2,060,721.00;919,432.00;1,141,289.00;0;60;31.087;8.716;4.005;50;2
Guyana;2017;0;0;0;4;69;20.958;7.472;2.485;26;0
Guyana;2018;785,514.00;208,994.00;576,520.00;4;69;20.77;7.499;2.462;25.3;3
Guyana;2019;798,753.00;213,179.00;585,574.00;4;69;20.828;7.444;2.44;24.6;2
Guyana;2020;797,202.00;213,539.00;583,663.00;4;68;20.473;8.026;2.418;23.9;0
Guyana;2021;804,567.00;216,404.00;588,163.00;0;66;20.298;9.987;2.397;23.2;1
Haiti;2017;0;0;0;394;64;24.98;8.014;3.016;50.5;0
Haiti;2018;11,012,421.00;6,087,446.00;4,924,975.00;400;64;24.579;7.998;2.959;49.2;1
Haiti;2019;11,160,438.00;6,271,273.00;4,889,165.00;405;64;24.304;7.953;2.919;48;1
Haiti;2020;11,306,801.00;6,454,827.00;4,851,974.00;410;64;23.936;8.176;2.869;46.7;1
Haiti;2021;11,447,569.00;6,635,469.00;4,812,100.00;0;63;23.498;8.676;2.814;45.4;1
Honduras;2017;0;0;0;86;73;22.16;4.221;2.496;16.3;0
Honduras;2018;9,792,850.00;5,591,326.00;4,201,524.00;88;73;21.895;4.257;2.46;15.8;2
Honduras;2019;9,958,829.00;5,749,232.00;4,209,597.00;89;73;21.628;4.315;2.427;15.2;2
Honduras;2020;10,121,763.00;5,906,960.00;4,214,803.00;90;71;21.353;4.945;2.394;14.7;2
Honduras;2021;10,278,345.00;6,062,373.00;4,215,972.00;0;70;21.071;5.608;2.363;14.2;2
Hong Kong;2017;0;0;0;7,041;85;7.6;6.3;1.128;0;0
Hong Kong;2018;7,452,600.00;7,452,600.00;0;7,098;85;7.2;6.4;1.08;0;1
Hong Kong;2019;7,507,900.00;7,507,900.00;0;7,150;85;7;6.5;1.064;0;1
Hong Kong;2020;7,481,000.00;7,481,000.00;0;7,125;85;5.8;6.8;0.883;0;0
Hong Kong;2021;7,413,100.00;7,413,100.00;0;0;85;5;6.9;0.772;0;1
Hungary;2017;0;0;0;107;76;9.7;13.5;1.54;3.7;0
Hungary;2018;9,775,564.00;6,974,963.00;2,800,601.00;107;76;9.6;13.4;1.55;3.5;0
Hungary;2019;9,771,141.00;7,000,436.00;2,770,705.00;107;76;9.5;13.3;1.55;3.4;0
Hungary;2020;9,750,149.00;7,014,452.00;2,735,697.00;107;76;9.6;14.5;1.59;3.4;0
Hungary;2021;9,709,891.00;7,014,911.00;2,694,980.00;0;74;9.7;16.1;1.59;3.3;0
Iceland;2017;0;0;0;3;83;11.9;6.5;1.71;2.1;0
Iceland;2018;352,721.00;330,898.00;21,823.00;3;83;12;6.4;1.71;2.1;3
Iceland;2019;360,563.00;338,406.00;22,157.00;4;83;12.3;6.3;1.74;2.1;2
Iceland;2020;366,463.00;344,101.00;22,362.00;4;83;12.3;6.3;1.72;2.1;2
Iceland;2021;372,520.00;349,960.00;22,560.00;0;83;13.1;6.3;1.82;2.1;2
India;2017;0;0;0;455;70;17.911;6.593;2.2;31.5;0
India;2018;1,369,003,306.00;465,871,825.00;903,131,481.00;460;71;17.651;6.644;2.177;29.8;1
India;2019;1,383,112,050.00;476,786,386.00;906,325,664.00;465;71;17.049;6.71;2.109;28.3;1
India;2020;1,396,387,127.00;487,702,168.00;908,684,959.00;470;70;16.572;7.35;2.051;26.8;1
India;2021;1,407,563,842.00;498,179,071.00;909,384,771.00;0;67;16.419;9.448;2.031;25.5;1
Indonesia;2017;0;0;0;141;70;17.519;7.579;2.262;21.6;0
Indonesia;2018;267,066,843.00;147,754,731.00;119,312,112.00;142;70;17.179;7.496;2.234;20.8;1
Indonesia;2019;269,582,878.00;150,925,974.00;118,656,904.00;144;71;16.91;7.539;2.215;20.1;1
Indonesia;2020;271,857,970.00;153,983,073.00;117,874,897.00;145;69;16.649;8.964;2.194;19.5;1
Indonesia;2021;273,753,191.00;156,833,203.00;116,919,988.00;0;68;16.425;10.065;2.175;18.9;1
Iran;2017;0;0;0;52;76;18.608;4.692;2.074;12.4;0
Iran;2018;85,617,562.00;64,125,842.00;21,491,720.00;53;76;17.231;4.715;1.968;12;1
Iran;2019;86,564,202.00;65,261,618.00;21,302,584.00;53;76;15.118;4.872;1.77;11.6;1
Iran;2020;87,290,193.00;66,230,561.00;21,059,632.00;54;75;14.231;5.567;1.708;11.2;1
Iran;2021;87,923,432.00;67,125,144.00;20,798,288.00;0;74;13.699;6.437;1.692;10.9;1
Iraq;2017;0;0;0;91;70;28.923;4.637;3.73;23.4;0
Iraq;2018;40,590,700.00;28,605,484.00;11,985,216.00;93;72;28.429;4.282;3.659;22.7;2
Iraq;2019;41,563,520.00;29,376,265.00;12,187,255.00;96;72;28.078;4.301;3.604;22.1;2
Iraq;2020;42,556,984.00;30,169,923.00;12,387,061.00;98;69;27.732;5.239;3.551;21.4;2
Iraq;2021;43,533,592.00;30,960,655.00;12,572,937.00;0;70;27.367;4.753;3.496;20.7;2
Ireland;2017;0;0;0;70;82;12.9;6.3;1.77;3;0
Ireland;2018;4,867,316.00;3,074,684.00;1,792,632.00;71;82;12.5;6.4;1.75;2.9;1
Ireland;2019;4,934,340.00;3,128,618.00;1,805,722.00;72;83;12;6.3;1.71;2.9;1
Ireland;2020;4,985,382.00;3,173,345.00;1,812,037.00;72;83;11.2;6.5;1.63;2.8;1
Ireland;2021;5,033,165.00;3,216,796.00;1,816,369.00;0;82;11.6;6.6;1.72;2.7;1
Isle Of Man;2017;0;0;0;147;80;9.25;10.023;1.677;0;0
Isle Of Man;2018;83,775.00;44,056.00;39,719.00;147;81;8.94;10.054;1.621;0;0
Isle Of Man;2019;83,933.00;44,262.00;39,671.00;147;81;8.888;10.09;1.614;0;0
Isle Of Man;2020;84,046.00;44,459.00;39,587.00;147;81;8.605;10.414;1.569;0;0
Isle Of Man;2021;84,263.00;44,723.00;39,540.00;0;81;8.529;10.604;1.564;0;0
Israel;2017;0;0;0;403;83;21.1;5.2;3.11;3;0
Israel;2018;8,882,800.00;8,209,306.00;673,494.00;410;83;20.8;5;3.09;2.9;2
Israel;2019;9,054,000.00;8,375,041.00;678,959.00;418;83;20.1;5.1;3.01;2.8;2
Israel;2020;9,215,100.00;8,531,985.00;683,115.00;426;83;19.2;5.3;2.9;2.8;2
Israel;2021;9,364,700.00;8,678,642.00;686,058.00;0;83;19.7;5.4;3;2.7;2
Italy;2017;0;0;0;205;83;7.6;10.7;1.32;2.8;0
Italy;2018;60,421,760.00;42,559,879.00;17,861,881.00;204;83;7.3;10.5;1.29;2.7;0
Italy;2019;59,729,081.00;42,249,963.00;17,479,118.00;202;83;7;10.6;1.27;2.6;1
Italy;2020;59,438,851.00;42,224,765.00;17,214,086.00;201;82;6.8;12.5;1.24;2.4;0
Italy;2021;59,109,668.00;42,172,384.00;16,937,284.00;0;83;6.8;12;1.25;2.2;1
Jamaica;2017;0;0;0;259;72;12.748;7.145;1.44;12.2;0
Jamaica;2018;2,811,835.00;1,565,461.00;1,246,374.00;260;72;12.22;7.318;1.388;11.8;0
Jamaica;2019;2,813,773.00;1,575,291.00;1,238,482.00;260;72;11.994;7.477;1.37;11.4;0
Jamaica;2020;2,820,436.00;1,588,216.00;1,232,220.00;260;72;11.813;7.583;1.358;11;0
Jamaica;2021;2,827,695.00;1,601,946.00;1,225,749.00;0;71;11.712;8.797;1.352;10.7;0
Japan;2017;0;0;0;348;84;7.6;10.8;1.43;1.9;0
Japan;2018;126,811,000.00;116,179,166.00;10,631,834.00;348;84;7.4;11;1.42;1.9;0
Japan;2019;126,633,000.00;116,119,928.00;10,513,072.00;347;84;7;11.2;1.36;1.8;0
Japan;2020;126,261,000.00;115,884,871.00;10,376,129.00;346;85;6.8;11.1;1.33;1.8;0
Japan;2021;125,681,593.00;115,459,909.00;10,221,684.00;0;84;6.6;11.7;1.3;1.7;0
Jordan;2017;0;0;0;115;76;23.377;3.155;3.027;14.2;0
Jordan;2018;10,459,865.00;9,516,281.00;943,584.00;118;76;22.999;3.15;2.973;13.8;2
Jordan;2019;10,698,683.00;9,757,520.00;941,163.00;120;76;22.6;3.148;2.918;13.4;2
Jordan;2020;10,928,721.00;9,990,818.00;937,903.00;123;75;22.265;3.475;2.873;12.9;2
Jordan;2021;11,148,278.00;10,214,721.00;933,557.00;0;74;21.95;3.868;2.83;12.6;2
Kazakhstan;2017;0;0;0;7;73;21.64;7.15;2.75;9.4;0
Kazakhstan;2018;18,276,452.00;10,495,801.00;7,780,651.00;7;73;21.77;7.14;2.84;9.1;1
Kazakhstan;2019;18,513,673.00;10,652,767.00;7,860,906.00;7;73;21.73;7.19;2.9;9.1;1
Kazakhstan;2020;18,755,666.00;10,816,580.00;7,939,086.00;7;71;22.76;8.6;3.13;9.1;1
Kazakhstan;2021;19,000,988.00;10,986,561.00;8,014,427.00;0;70;23.5;9.61;3.32;9.1;1
Kenya;2017;0;0;0;86;62;29.755;7.294;3.643;31.6;0
Kenya;2018;49,953,304.00;13,502,378.00;36,450,926.00;88;63;29.18;7.305;3.58;30.6;2
Kenya;2019;50,951,450.00;14,015,215.00;36,936,235.00;90;63;28.46;7.29;3.469;29.7;2
Kenya;2020;51,985,780.00;14,553,419.00;37,432,361.00;91;63;27.998;7.456;3.397;29;2
Kenya;2021;53,005,614.00;15,102,890.00;37,902,724.00;0;61;27.685;8.056;3.335;28;2
Kiribati;2017;0;0;0;149;67;28.616;6.426;3.431;42.6;0
Kiribati;2018;122,261.00;66,091.00;56,170.00;151;67;28.46;6.345;3.41;41.5;2
Kiribati;2019;124,241.00;68,128.00;56,113.00;153;67;28.064;6.252;3.368;40.4;2
Kiribati;2020;126,463.00;70,306.00;56,157.00;156;67;27.645;6.242;3.333;39.4;2
Kiribati;2021;128,874.00;72,601.00;56,273.00;0;67;27.207;6.236;3.304;38.3;2
Kosovo;2017;0;0;0;0;79;12.615;5.262;1.649;11.5;0
Kosovo;2018;1,797,085.00;0;0;0;79;12.094;5.505;1.605;10.8;0
Kosovo;2019;1,788,878.00;0;0;0;79;11.443;5.56;1.546;10.1;0
Kosovo;2020;1,790,133.00;0;0;0;77;11.181;7.505;1.529;9.6;0
Kosovo;2021;1,786,038.00;0;0;0;77;11.143;7.22;1.522;9.1;0
Kuwait;2017;0;0;0;231;80;14.386;1.914;2.161;7.6;0
Kuwait;2018;4,317,185.00;4,317,185.00;0;242;80;13.443;2.052;2.165;7.6;5
Kuwait;2019;4,441,100.00;4,441,100.00;0;249;80;12.437;2.194;2.159;7.6;3
Kuwait;2020;4,360,444.00;4,360,444.00;0;245;77;11.797;3.254;2.14;7.5;2
Kuwait;2021;4,250,114.00;4,250,114.00;0;0;79;10.41;2.906;2.11;7.5;3
Kyrgyz Republic;2017;0;0;0;32;71;24.8;5.4;3;17.8;0
Kyrgyz Republic;2018;6,322,800.00;2,298,401.00;4,024,399.00;33;71;27.1;5.2;3.3;17;2
Kyrgyz Republic;2019;6,456,200.00;2,362,388.00;4,093,812.00;34;72;26.9;5.2;3.3;16.3;2
Kyrgyz Republic;2020;6,579,900.00;2,425,088.00;4,154,812.00;34;72;24;6.1;3;15.9;2
Kyrgyz Republic;2021;6,691,800.00;2,485,736.00;4,206,064.00;0;72;22.4;5.8;2.89;15.6;2
Lao PDR;2017;0;0;0;30;67;23.715;6.91;2.671;39.1;0
Lao PDR;2018;7,105,006.00;2,487,036.00;4,617,970.00;31;68;23.238;6.755;2.619;37.7;2
Lao PDR;2019;7,212,053.00;2,570,736.00;4,641,317.00;31;68;22.786;6.505;2.571;36.6;1
Lao PDR;2020;7,319,399.00;2,656,210.00;4,663,189.00;32;68;22.449;6.366;2.541;35.4;1
Lao PDR;2021;7,425,057.00;2,742,742.00;4,682,315.00;0;68;21.973;6.613;2.496;34.2;1
Latvia;2017;0;0;0;31;75;10.7;14.8;1.69;3.8;0
Latvia;2018;1,927,174.00;1,313,215.00;613,959.00;31;75;10;15;1.6;3.6;1
Latvia;2019;1,913,822.00;1,305,648.00;608,174.00;31;75;9.8;14.5;1.61;3.4;1
Latvia;2020;1,900,449.00;1,298,292.00;602,157.00;31;75;9.2;15.2;1.55;3.3;1
Latvia;2021;1,884,490.00;1,289,387.00;595,103.00;0;73;9.2;18.4;1.57;3.2;1
Lebanon;2017;0;0;0;597;80;16.904;4.495;2.173;7.7;0
Lebanon;2018;5,950,839.00;5,272,027.00;678,812.00;582;80;16.311;4.704;2.148;7.6;3
Lebanon;2019;5,781,907.00;5,131,905.00;650,002.00;565;79;15.822;5.178;2.13;7.4;3
Lebanon;2020;5,662,923.00;5,035,754.00;627,169.00;554;78;15.332;6.253;2.103;7.2;2
Lebanon;2021;5,592,631.00;4,982,643.00;609,988.00;0;75;14.948;8.271;2.091;7.1;1
Lesotho;2017;0;0;0;71;53;27.723;13.651;3.187;62;0
Lesotho;2018;2,198,017.00;618,808.00;1,579,209.00;72;54;27.262;13.259;3.139;60.8;1
Lesotho;2019;2,225,702.00;636,217.00;1,589,485.00;73;54;26.839;13.014;3.094;60;1
Lesotho;2020;2,254,100.00;654,320.00;1,599,780.00;74;55;26.378;12.858;3.049;58.4;1
Lesotho;2021;2,281,454.00;672,573.00;1,608,881.00;0;53;26.107;14.186;3.018;57;1
Liberia;2017;0;0;0;50;61;33.151;8.954;4.396;62.1;0
Liberia;2018;4,889,391.00;2,500,972.00;2,388,419.00;51;61;32.706;8.793;4.336;60.9;2
Liberia;2019;4,985,289.00;2,573,157.00;2,412,132.00;52;61;32.181;8.658;4.257;59.6;2
Liberia;2020;5,087,584.00;2,650,072.00;2,437,512.00;53;61;31.708;8.753;4.174;58.2;2
Liberia;2021;5,193,416.00;2,730,335.00;2,463,081.00;0;61;31.287;8.838;4.089;56.7;2
Libya;2017;0;0;0;4;72;19.898;5.284;2.626;10.6;0
Libya;2018;6,477,793.00;5,188,842.00;1,288,951.00;4;73;19.282;5.245;2.581;10.2;2
Libya;2019;6,569,088.00;5,281,087.00;1,288,001.00;4;72;18.732;5.454;2.539;9.9;1
Libya;2020;6,653,942.00;5,369,132.00;1,284,810.00;4;72;18.302;5.598;2.507;9.5;1
Libya;2021;6,735,277.00;5,455,170.00;1,280,107.00;0;72;17.828;6.018;2.462;9.2;1
Liechtenstein;2017;0;0;0;237;84;8.9;6.6;1.44;0;0
Liechtenstein;2018;38,181.00;5,474.00;32,707.00;239;83;9.9;7.2;1.58;0;1
Liechtenstein;2019;38,482.00;5,530.00;32,952.00;241;84;9.2;6.8;1.48;0;1
Liechtenstein;2020;38,756.00;5,587.00;33,169.00;242;82;9.1;8.2;1.46;0;1
Liechtenstein;2021;39,039.00;5,649.00;33,390.00;0;84;9.6;6.9;1.53;0;1
Lithuania;2017;0;0;0;45;75;10.1;14.2;1.63;3.6;0
Lithuania;2018;2,801,543.00;1,896,056.00;905,487.00;45;76;10;14.1;1.63;3.3;1
Lithuania;2019;2,794,137.00;1,895,962.00;898,175.00;45;76;9.8;13.7;1.61;3.1;0
Lithuania;2020;2,794,885.00;1,901,807.00;893,078.00;45;75;9;15.6;1.48;2.9;0
Lithuania;2021;2,800,839.00;1,911,545.00;889,294.00;0;74;8.3;17;1.34;2.7;0
Luxembourg;2017;0;0;0;232;82;10.4;7.1;1.39;2.3;0
Luxembourg;2018;607,950.00;553,119.00;54,831.00;236;82;10.3;7.1;1.38;2.3;2
Luxembourg;2019;620,001.00;565,584.00;54,417.00;241;83;10;6.9;1.34;2.3;2
Luxembourg;2020;630,419.00;576,537.00;53,882.00;245;82;10.2;7.3;1.36;2.3;2
Luxembourg;2021;640,064.00;586,759.00;53,305.00;0;83;10.5;7;1.38;2.2;2
Macao;2017;0;0;0;20,734;85;10.877;3.864;1.123;0;0
Macao;2018;650,991.00;650,991.00;0;19,787;85;10.621;3.86;1.104;0;2
Macao;2019;663,653.00;663,653.00;0;20,172;85;10.295;3.983;1.077;0;2
Macao;2020;676,283.00;676,283.00;0;20,556;85;10.128;4.047;1.072;0;2
Macao;2021;686,607.00;686,607.00;0;0;85;10.114;4.111;1.088;0;2
Madagascar;2017;0;0;0;45;65;32.477;6.79;4.109;45.1;0
Madagascar;2018;26,846,541.00;9,984,497.00;16,862,044.00;46;65;32.088;6.736;4.043;45.2;3
Madagascar;2019;27,533,134.00;10,424,320.00;17,108,814.00;47;66;31.701;6.518;3.978;45.3;3
Madagascar;2020;28,225,177.00;10,876,290.00;17,348,887.00;49;65;31.343;6.801;3.918;45.3;2
Madagascar;2021;28,915,653.00;11,336,960.00;17,578,693.00;0;64;30.949;7.104;3.851;45.3;2
Malawi;2017;0;0;0;190;63;34.343;7.149;4.22;35.5;0
Malawi;2018;18,367,883.00;3,110,968.00;15,256,915.00;195;63;33.925;6.955;4.14;34.2;3
Malawi;2019;18,867,337.00;3,240,276.00;15,627,061.00;200;64;33.598;6.611;4.072;33;3
Malawi;2020;19,377,061.00;3,376,840.00;16,000,221.00;206;64;33.233;6.706;3.995;32.1;3
Malawi;2021;19,889,742.00;3,519,490.00;16,370,252.00;0;63;32.859;6.983;3.917;31.2;3
Malaysia;2017;0;0;0;97;75;16.355;5.132;1.929;6.9;0
Malaysia;2018;32,399,271.00;24,635,110.00;7,764,161.00;99;76;15.978;5.175;1.881;6.9;1
Malaysia;2019;32,804,020.00;25,130,176.00;7,673,844.00;100;76;15.58;5.253;1.834;6.7;1
Malaysia;2020;33,199,993.00;25,617,115.00;7,582,878.00;101;76;15.417;5.311;1.818;6.6;1
Malaysia;2021;33,573,874.00;26,085,557.00;7,488,317.00;0;75;15.24;6.034;1.803;6.5;1
Maldives;2017;0;0;0;1,575;80;16.126;2.784;1.845;7.1;0
Maldives;2018;489,758.00;194,963.00;294,795.00;1,633;80;15.531;2.828;1.784;6.5;4
Maldives;2019;504,508.00;203,004.00;301,504.00;1,682;80;15.001;2.858;1.736;6;3
Maldives;2020;514,438.00;209,217.00;305,221.00;1,715;80;14.576;3.001;1.712;5.5;2
Maldives;2021;521,457.00;214,329.00;307,128.00;0;80;14.088;3.02;1.692;5.1;1
Mali;2017;0;0;0;16;59;43.378;9.637;6.251;67.3;0
Mali;2018;19,934,298.00;8,443,371.00;11,490,927.00;16;59;42.901;9.419;6.183;65.9;3
Mali;2019;20,567,424.00;8,871,964.00;11,695,460.00;17;60;42.376;9.205;6.103;64.4;3
Mali;2020;21,224,040.00;9,319,264.00;11,904,776.00;17;59;41.995;9.529;6.035;63;3
Mali;2021;21,904,983.00;9,786,489.00;12,118,494.00;0;59;41.643;9.274;5.956;61.6;3
Malta;2017;0;0;0;1,462;82;9.2;7.6;1.26;5.6;0
Malta;2018;484,630.00;458,518.00;26,112.00;1,514;82;9.2;7.6;1.23;5.5;3
Malta;2019;504,062.00;477,236.00;26,826.00;1,575;83;8.6;7.3;1.14;5.3;4
Malta;2020;515,332.00;488,246.00;27,086.00;1,610;82;8.6;7.9;1.13;5.2;2
Malta;2021;518,536.00;491,624.00;26,912.00;0;83;8.5;8;1.14;5.1;1
Marshall Islands;2017;0;0;0;262;64;22.268;7.097;2.929;27.8;0
Marshall Islands;2018;45,989.00;35,426.00;10,563.00;255;65;21.514;7.187;2.877;27.1;3
Marshall Islands;2019;44,728.00;34,627.00;10,101.00;248;65;20.744;7.29;2.824;26.3;3
Marshall Islands;2020;43,413.00;33,773.00;9,640.00;241;65;20.006;7.425;2.777;25.6;3
Marshall Islands;2021;42,050.00;32,867.00;9,183.00;0;65;19.28;7.556;2.729;24.8;3
Mauritania;2017;0;0;0;4;65;34.425;7.446;4.664;35.5;0
Mauritania;2018;4,270,712.00;2,292,177.00;1,978,535.00;4;65;34.183;7.248;4.607;34.7;3
Mauritania;2019;4,383,849.00;2,389,505.00;1,994,344.00;4;66;33.723;7.003;4.521;33.8;3
Mauritania;2020;4,498,604.00;2,488,943.00;2,009,661.00;4;65;33.427;7.466;4.455;33;3
Mauritania;2021;4,614,974.00;2,590,523.00;2,024,451.00;0;64;33.194;7.44;4.398;32.2;3
Mauritius;2017;0;0;0;623;75;10.7;8;1.44;13.3;0
Mauritius;2018;1,265,577.00;516,267.00;749,310.00;623;74;10.2;8.5;1.41;13.8;0
Mauritius;2019;1,265,985.00;516,091.00;749,894.00;624;74;10.2;8.8;1.4;14.5;0
Mauritius;2020;1,266,014.00;516,027.00;749,987.00;624;74;10.6;8.7;1.44;14.9;0
Mauritius;2021;1,266,334.00;516,348.00;749,986.00;0;74;10.3;10.5;1.41;15.3;0
Mexico;2017;0;0;0;63;74;16.947;6.615;2.041;13.1;0
Mexico;2018;124,013,861.00;99,404,550.00;24,609,311.00;64;74;16.465;6.856;1.996;12.6;1
Mexico;2019;125,085,311.00;100,623,628.00;24,461,683.00;64;74;15.71;6.931;1.916;12.2;1
Mexico;2020;125,998,302.00;101,719,689.00;24,278,613.00;65;70;15.565;9.33;1.905;11.8;1
Mexico;2021;126,705,138.00;102,651,435.00;24,053,703.00;0;70;14.857;9.406;1.822;11.4;1
Micronesia;2017;0;0;0;158;71;21.451;5.265;2.893;23.6;0
Micronesia;2018;110,929.00;25,184.00;85,745.00;158;71;21.2;5.472;2.84;23;0
Micronesia;2019;111,379.00;25,408.00;85,971.00;159;71;21.059;5.728;2.801;22.2;0
Micronesia;2020;112,106.00;25,709.00;86,397.00;160;71;20.837;6.065;2.754;21.6;1
Micronesia;2021;113,131.00;26,097.00;87,034.00;0;71;20.777;6.211;2.711;21;1
Moldova;2017;0;0;0;96;71;13.805;13.088;1.81;13.1;0
Moldova;2018;2,707,203.00;1,154,054.00;1,553,149.00;94;70;13.443;13.339;1.809;12.9;2
Moldova;2019;2,664,224.00;1,138,316.00;1,525,908.00;93;71;12.894;13.089;1.78;12.7;2
Moldova;2020;2,635,130.00;1,129,127.00;1,506,003.00;92;70;12.481;14.445;1.77;12.5;1
Moldova;2021;2,615,199.00;1,124,483.00;1,490,716.00;0;69;12.432;16.36;1.806;12.2;1
Monaco;2018;37,029.00;37,029.00;0;18,268;0;5.9;6.6;0;1;0
Monaco;2019;37,034.00;37,034.00;0;18,270;0;0;0;0;1;0
Monaco;2020;36,922.00;36,922.00;0;18,215;0;0;0;0;1;0
Monaco;2021;36,686.00;36,686.00;0;0;0;0;0;0;1;1
Mongolia;2017;0;0;0;2;70;24.222;5.994;2.891;15.1;0
Mongolia;2018;3,163,991.00;2,165,594.00;998,397.00;2;71;23.836;5.663;2.923;14.4;2
Mongolia;2019;3,232,430.00;2,215,604.00;1,016,826.00;2;72;23.292;5.499;2.937;13.8;2
Mongolia;2020;3,294,335.00;2,261,792.00;1,032,543.00;2;72;22.405;5.475;2.9;13.2;2
Mongolia;2021;3,347,782.00;2,302,772.00;1,045,010.00;0;71;21.413;6.131;2.837;12.7;2
Montenegro;2017;0;0;0;46;76;11.9;10.5;1.78;2.8;0
Montenegro;2018;622,227.00;415,729.00;206,498.00;46;77;11.7;10.5;1.76;2.5;0
Montenegro;2019;622,028.00;417,692.00;204,336.00;46;77;11.6;10.6;1.77;2.3;0
Montenegro;2020;621,306.00;419,307.00;201,999.00;46;76;11.4;11.7;1.75;2.1;0
Montenegro;2021;619,211.00;419,986.00;199,225.00;0;74;11.4;14.8;1.75;1.9;0
Morocco;2017;0;0;0;80;74;19.298;5.642;2.451;18.3;0
Morocco;2018;35,927,511.00;22,437,808.00;13,489,703.00;81;74;18.813;5.637;2.415;17.5;1
Morocco;2019;36,304,408.00;22,869,599.00;13,434,809.00;81;74;18.337;5.658;2.382;16.7;1
Morocco;2020;36,688,772.00;23,309,111.00;13,379,661.00;82;74;17.889;6.073;2.353;16.1;1
Morocco;2021;37,076,584.00;23,753,114.00;13,323,470.00;0;74;17.545;6.17;2.328;15.4;1
Mozambique;2017;0;0;0;36;60;38.127;8.69;4.922;56.7;0
Mozambique;2018;29,423,878.00;10,589,065.00;18,834,813.00;37;61;37.753;8.337;4.852;55.2;3
Mozambique;2019;30,285,595.00;11,062,722.00;19,222,873.00;39;61;37.345;8.04;4.783;53.6;3
Mozambique;2020;31,178,239.00;11,559,020.00;19,619,219.00;40;61;36.974;8.004;4.713;52.5;3
Mozambique;2021;32,077,072.00;12,069,961.00;20,007,111.00;0;59;36.598;8.793;4.644;51;3
Myanmar;2017;0;0;0;80;66;18.129;8.808;2.234;38.1;0
Myanmar;2018;52,666,014.00;16,104,740.00;36,561,274.00;81;66;17.869;8.622;2.213;37;1
Myanmar;2019;53,040,212.00;16,363,966.00;36,676,246.00;81;67;17.663;8.692;2.2;35.8;1
Myanmar;2020;53,423,198.00;16,636,518.00;36,786,680.00;82;67;17.363;8.819;2.174;34.7;1
Myanmar;2021;53,798,084.00;16,918,421.00;36,879,663.00;0;66;17.103;9.769;2.151;33.7;1
Namibia;2017;0;0;0;3;62;29.503;8.47;3.511;32;0
Namibia;2018;2,405,680.00;1,203,610.00;1,202,070.00;3;63;29.008;8.403;3.462;31.5;2
Namibia;2019;2,446,644.00;1,248,816.00;1,197,828.00;3;63;28.433;8.248;3.404;30.7;2
Namibia;2020;2,489,098.00;1,295,152.00;1,193,946.00;3;63;27.876;8.475;3.349;30;2
Namibia;2021;2,530,151.00;1,341,107.00;1,189,044.00;0;59;27.439;10.709;3.303;29.4;2
Nauru;2017;0;0;0;584;63;30.375;6.65;3.731;26.1;0
Nauru;2018;11,924.00;11,924.00;0;596;63;29.686;6.566;3.67;25.4;2
Nauru;2019;12,132.00;12,132.00;0;607;63;29.124;6.48;3.618;24.7;2
Nauru;2020;12,315.00;12,315.00;0;616;63;28.364;6.602;3.571;23.9;1
Nauru;2021;12,511.00;12,511.00;0;0;64;27.56;6.633;3.519;23.2;2
Nepal;2017;0;0;0;197;69;21.376;6.971;2.15;26.6;0
Nepal;2018;28,506,712.00;5,627,225.00;22,879,487.00;199;69;21.026;7.041;2.104;25.5;1
Nepal;2019;28,832,496.00;5,810,613.00;23,021,883.00;201;70;20.868;6.871;2.08;24.5;1
Nepal;2020;29,348,627.00;6,038,773.00;23,309,854.00;205;69;20.64;7.209;2.055;23.6;2
Nepal;2021;30,034,989.00;6,309,750.00;23,725,239.00;0;68;20.402;7.776;2.029;22.8;2
Netherlands;2017;0;0;0;509;82;9.9;8.8;1.62;3.5;0
Netherlands;2018;17,231,624.00;15,765,213.00;1,466,411.00;512;82;9.8;8.9;1.59;3.5;1
Netherlands;2019;17,344,874.00;15,935,776.00;1,409,098.00;515;82;9.8;8.8;1.57;3.5;1
Netherlands;2020;17,441,500.00;16,087,342.00;1,354,158.00;518;81;9.7;9.7;1.54;3.5;1
Netherlands;2021;17,533,044.00;16,230,689.00;1,302,355.00;0;81;10.2;9.8;1.62;3.5;1
New Caledonia;2017;0;0;0;15;78;15;5.7;2.04;0;0
New Caledonia;2018;271,170.00;191,671.00;79,499.00;15;80;15;5.7;2.06;0;0
New Caledonia;2019;271,240.00;192,862.00;78,378.00;15;80;15.2;6;2.1;0;0
New Caledonia;2020;272,460.00;194,858.00;77,602.00;15;81;14.6;5.7;2.04;0;0
New Caledonia;2021;274,660.00;197,549.00;77,111.00;0;79;14.3;7.2;2.02;0;1
New Zealand;2017;0;0;0;18;82;12.38;6.92;1.81;4.3;0
New Zealand;2018;4,900,600.00;4,240,881.00;659,719.00;19;82;11.84;6.78;1.71;4.2;2
New Zealand;2019;4,979,200.00;4,312,734.00;666,466.00;19;82;11.96;6.87;1.72;4.1;2
New Zealand;2020;5,090,200.00;4,413,152.00;677,048.00;19;82;11.32;6.41;1.61;4;2
New Zealand;2021;5,111,400.00;4,436,133.00;675,267.00;0;82;11.48;6.83;1.64;3.9;0
Nicaragua;2017;0;0;0;54;74;22.09;4.619;2.43;14.4;0
Nicaragua;2018;6,572,233.00;3,846,202.00;2,726,031.00;55;74;21.704;4.605;2.404;13.6;1
Nicaragua;2019;6,663,924.00;3,915,722.00;2,748,202.00;55;74;21.305;4.626;2.377;12.8;1
Nicaragua;2020;6,755,895.00;3,986,789.00;2,769,106.00;56;72;20.903;5.703;2.349;12.1;1
Nicaragua;2021;6,850,540.00;4,060,795.00;2,789,745.00;0;74;20.507;4.859;2.321;11.4;1
Niger;2017;0;0;0;17;62;46.351;8.239;7.084;60.6;0
Niger;2018;22,577,058.00;3,708,282.00;18,868,776.00;18;62;46.127;8.061;7.023;60.4;4
Niger;2019;23,443,393.00;3,872,145.00;19,571,248.00;19;63;45.859;7.824;6.961;60.2;4
Niger;2020;24,333,639.00;4,045,711.00;20,287,928.00;19;61;45.588;8.281;6.892;59.9;4
Niger;2021;25,252,722.00;4,230,083.00;21,022,639.00;0;62;45.293;8.141;6.82;59.5;4
Nigeria;2017;0;0;0;212;52;38.689;13.435;5.523;77.1;0
Nigeria;2018;198,387,623.00;99,876,265.00;98,511,358.00;218;53;38.248;13.239;5.447;75.5;2
Nigeria;2019;203,304,492.00;104,004,479.00;99,300,013.00;223;53;37.849;12.989;5.379;73.9;2
Nigeria;2020;208,327,405.00;108,242,753.00;100,084,652.00;229;53;37.467;12.997;5.309;72.3;2
Nigeria;2021;213,401,323.00;112,560,662.00;100,840,661.00;0;53;37.117;13.083;5.237;70.6;2
North Korea;2017;0;0;0;212;73;13.514;8.502;1.857;14.4;0
North Korea;2018;25,638,149.00;15,869,758.00;9,768,391.00;213;73;13.488;8.721;1.845;13.7;0
North Korea;2019;25,755,441.00;16,002,886.00;9,752,555.00;214;73;13.487;8.878;1.84;13.1;0
North Korea;2020;25,867,467.00;16,136,385.00;9,731,082.00;215;73;13.333;9.078;1.818;11.6;0
North Korea;2021;25,971,909.00;16,269,323.00;9,702,586.00;0;73;13.24;9.313;1.809;10.1;0
North Macedonia;2017;0;0;0;82;76;10.5;9.8;1.43;8.5;0
North Macedonia;2018;2,076,217.00;1,203,438.00;872,779.00;82;77;10.3;9.5;1.42;7.1;0
North Macedonia;2019;2,076,694.00;1,208,802.00;867,892.00;82;77;9.6;9.8;1.34;6;0
North Macedonia;2020;2,072,531.00;1,212,058.00;860,473.00;82;74;9.2;12.4;1.31;5.2;0
North Macedonia;2021;2,065,092.00;1,213,985.00;851,107.00;0;75;10.2;15.5;1.6;4.6;0
Northern Mariana Islands;2018;50,304.00;46,088.00;4,216.00;109;0;0;0;0;0;1
Northern Mariana Islands;2019;49,858.00;45,724.00;4,134.00;108;0;13.2;4;0;0;1
Northern Mariana Islands;2020;49,587.00;45,520.00;4,067.00;108;0;0;0;0;0;1
Northern Mariana Islands;2021;49,481.00;45,468.00;4,013.00;0;0;0;0;0;0;0
Norway;2017;0;0;0;14;83;10.7;7.7;1.62;2.1;0
Norway;2018;5,311,916.00;4,368,945.00;942,971.00;15;83;10.4;7.7;1.56;2;1
Norway;2019;5,347,896.00;4,418,218.00;929,678.00;15;83;10.2;7.6;1.53;1.9;1
Norway;2020;5,379,475.00;4,463,566.00;915,909.00;15;83;9.8;7.5;1.48;1.8;1
Norway;2021;5,408,320.00;4,506,374.00;901,946.00;0;83;10.4;7.8;1.55;1.8;1
Oman;2017;0;0;0;15;78;20.282;2.155;2.937;9.4;0
Oman;2018;4,601,157.00;3,889,772.00;711,385.00;15;78;19.816;2.172;2.883;9.3;1
Oman;2019;4,602,768.00;3,932,743.00;670,025.00;15;78;19.298;2.205;2.776;9.1;0
Oman;2020;4,543,399.00;3,919,863.00;623,536.00;15;75;18.791;3.025;2.687;8.9;1
Oman;2021;4,520,471.00;3,934,799.00;585,672.00;0;73;18.419;3.796;2.623;8.7;1
Pakistan;2017;0;0;0;281;66;28.963;6.89;3.759;59;0
Pakistan;2018;219,731,479.00;80,566,744.00;139,164,735.00;285;66;28.594;6.843;3.685;57.4;2
Pakistan;2019;223,293,280.00;82,410,851.00;140,882,429.00;290;67;28.276;6.765;3.62;55.9;2
Pakistan;2020;227,196,741.00;84,437,669.00;142,759,072.00;295;66;27.967;7.06;3.555;54.4;2
Pakistan;2021;231,402,117.00;86,636,953.00;144,765,164.00;0;66;27.519;7.168;3.47;52.8;2
Palau;2017;0;0;0;39;0;12.4;10.3;0;17.2;0
Palau;2018;17,864.00;14,279.00;3,585.00;39;0;14;7.8;0;16.6;0
Palau;2019;17,916.00;14,417.00;3,499.00;39;0;11.2;10.2;0;16.2;0
Palau;2020;17,972.00;14,555.00;3,417.00;39;0;12.1;8.4;0.85;15.7;0
Palau;2021;18,024.00;14,686.00;3,338.00;0;0;13.4;10.2;0;15.1;0
Panama;2017;0;0;0;55;78;19.317;4.947;2.493;13.7;0
Panama;2018;4,165,255.00;2,820,253.00;1,345,002.00;56;78;18.814;5.013;2.441;13.2;2
Panama;2019;4,232,532.00;2,880,619.00;1,351,913.00;57;78;18.228;5.12;2.375;12.8;2
Panama;2020;4,294,396.00;2,937,968.00;1,356,428.00;58;77;17.919;5.747;2.344;12.4;1
Panama;2021;4,351,267.00;2,992,584.00;1,358,683.00;0;76;17.692;6.067;2.325;11.9;1
Papua New Guinea;2017;0;0;0;20;65;27.216;6.508;3.432;38.3;0
Papua New Guinea;2018;9,329,227.00;1,228,566.00;8,100,661.00;21;65;26.834;6.532;3.382;37.3;2
Papua New Guinea;2019;9,542,486.00;1,264,379.00;8,278,107.00;21;65;26.37;6.468;3.322;36.4;2
Papua New Guinea;2020;9,749,640.00;1,301,089.00;8,448,551.00;22;66;25.996;6.402;3.274;35.4;2
Papua New Guinea;2021;9,949,437.00;1,338,796.00;8,610,641.00;0;65;25.514;6.683;3.215;34.4;2
Paraguay;2017;0;0;0;16;74;21.962;5.445;2.591;17.7;0
Paraguay;2018;6,443,328.00;3,968,124.00;2,475,204.00;16;74;21.664;5.569;2.561;17.1;1
Paraguay;2019;6,530,026.00;4,040,715.00;2,489,311.00;16;74;21.281;5.636;2.525;16.6;1
Paraguay;2020;6,618,695.00;4,115,703.00;2,502,992.00;17;73;20.946;5.916;2.497;16.1;1
Paraguay;2021;6,703,799.00;4,189,606.00;2,514,193.00;0;70;20.627;7.638;2.469;15.6;1
Peru;2017;0;0;0;25;76;18.269;6.173;2.281;12.2;0
Peru;2018;32,203,944.00;25,089,127.00;7,114,817.00;25;76;18.092;6.103;2.26;11.9;2
Peru;2019;32,824,861.00;25,635,888.00;7,188,973.00;26;76;18.042;6.006;2.242;11.6;2
Peru;2020;33,304,756.00;26,076,625.00;7,228,131.00;26;74;17.833;7.327;2.216;11.3;1
Peru;2021;33,715,471.00;26,466,645.00;7,248,826.00;0;72;17.622;7.988;2.192;11;1
Philippines;2017;0;0;0;358;72;22.664;5.665;2.865;22.7;0
Philippines;2018;108,568,836.00;50,926,384.00;57,642,452.00;364;72;22.445;5.631;2.831;22.2;2
Philippines;2019;110,380,804.00;52,043,445.00;58,337,359.00;370;72;22.254;5.609;2.805;21.6;2
Philippines;2020;112,190,977.00;53,187,498.00;59,003,479.00;376;72;22.039;5.566;2.777;21;2
Philippines;2021;113,880,328.00;54,302,696.00;59,577,632.00;0;69;21.813;7.311;2.748;20.5;1
Poland;2017;0;0;0;124;78;10.6;10.6;1.48;4;0
Poland;2018;37,974,750.00;22,806,875.00;15,167,875.00;124;78;10.2;10.9;1.46;3.9;0
Poland;2019;37,965,475.00;22,793,332.00;15,172,143.00;124;78;9.9;10.8;1.44;3.8;0
Poland;2020;37,899,070.00;22,755,739.00;15,143,331.00;124;77;9.4;12.6;1.39;3.7;0
Poland;2021;37,747,124.00;22,676,585.00;15,070,539.00;0;76;8.8;13.8;1.33;3.7;0
Portugal;2017;0;0;0;112;81;8.4;10.7;1.38;3;0
Portugal;2018;10,283,822.00;6,706,183.00;3,577,639.00;112;81;8.5;11;1.42;2.9;0
Portugal;2019;10,286,263.00;6,764,658.00;3,521,605.00;112;82;8.4;10.9;1.43;2.8;0
Portugal;2020;10,297,081.00;6,827,994.00;3,469,087.00;112;81;8.2;12;1.41;2.7;0
Portugal;2021;10,325,147.00;6,902,258.00;3,422,889.00;0;81;7.7;12.1;1.38;2.5;0
Puerto Rico;2017;0;0;0;375;79;7.3;9.222;1.101;0;0
Puerto Rico;2018;3,193,354.00;2,988,277.00;205,077.00;360;80;6.7;9.063;1.035;0;4
Puerto Rico;2019;3,193,694.00;2,988,531.00;205,163.00;360;79;6.4;9.194;0.982;0;0
Puerto Rico;2020;3,281,557.00;3,070,914.00;210,643.00;370;78;6;9.6;0.922;0;3
Puerto Rico;2021;3,262,693.00;3,053,620.00;209,073.00;0;80;5.9;8.6;0.907;0;1
Qatar;2017;0;0;0;236;81;10.228;0.985;1.839;5.9;0
Qatar;2018;2,766,732.00;2,742,800.00;23,932.00;241;81;10.598;0.982;1.848;5.5;2
Qatar;2019;2,807,235.00;2,784,440.00;22,795.00;244;81;10.743;0.991;1.834;5.2;1
Qatar;2020;2,760,385.00;2,739,268.00;21,117.00;240;79;10.895;1.219;1.816;4.8;2
Qatar;2021;2,688,235.00;2,668,826.00;19,409.00;0;79;9.816;1.311;1.801;4.5;3
Republic Of Congo;2017;0;0;0;16;64;33.025;6.924;4.433;35.7;0
Republic Of Congo;2018;5,441,062.00;3,640,941.00;1,800,121.00;16;64;32.337;6.797;4.367;34.8;2
Republic Of Congo;2019;5,570,733.00;3,753,170.00;1,817,563.00;16;63;31.676;7.388;4.296;35.9;2
Republic Of Congo;2020;5,702,174.00;3,867,728.00;1,834,446.00;17;64;31.155;6.923;4.234;32.9;2
Republic Of Congo;2021;5,835,806.00;3,984,863.00;1,850,943.00;0;64;30.691;7.063;4.171;32;2
Romania;2017;0;0;0;85;75;10.8;13.4;1.71;6.6;0
Romania;2018;19,473,970.00;10,515,554.00;8,958,416.00;85;75;10.8;13.6;1.76;6.1;1
Romania;2019;19,371,648.00;10,476,962.00;8,894,686.00;84;76;10.3;13.4;1.77;5.8;1
Romania;2020;19,265,250.00;10,440,610.00;8,824,640.00;84;74;10.3;15.5;1.8;5.5;1
Romania;2021;19,119,880.00;10,387,640.00;8,732,240.00;0;73;9.3;17.5;1.8;5.3;1
Russia;2017;0;0;0;9;72;11.5;12.4;1.621;5.6;0
Russia;2018;144,477,859.00;107,539,205.00;36,938,654.00;9;73;10.9;12.5;1.579;5.1;0
Russia;2019;144,406,261.00;107,708,298.00;36,697,963.00;9;73;10.1;12.3;1.504;4.7;0
Russia;2020;144,073,139.00;107,700,434.00;36,372,705.00;9;71;9.8;14.6;1.505;4.4;0
Russia;2021;143,449,286.00;107,492,288.00;35,956,998.00;0;69;9.6;16.7;1.493;4.1;0
Rwanda;2017;0;0;0;496;66;31.399;6.367;4.027;32.9;0
Rwanda;2018;12,531,808.00;2,156,849.00;10,374,959.00;508;66;31.158;6.227;3.994;32.1;2
Rwanda;2019;12,835,028.00;2,222,128.00;10,612,900.00;520;66;30.776;6.137;3.939;31.2;2
Rwanda;2020;13,146,362.00;2,291,674.00;10,854,688.00;533;67;30.309;5.998;3.873;30.4;2
Rwanda;2021;13,461,888.00;2,364,984.00;11,096,904.00;0;66;29.976;6.28;3.821;29.7;2
Samoa;2017;0;0;0;75;73;28.579;5.29;4.183;15.6;0
Samoa;2018;209,701.00;38,256.00;171,445.00;75;73;28.222;5.297;4.109;15.3;1
Samoa;2019;211,905.00;38,262.00;173,643.00;76;72;27.895;5.5;4.047;15;1
Samoa;2020;214,929.00;38,449.00;176,480.00;77;73;27.622;5.305;3.997;14.7;1
Samoa;2021;218,764.00;38,813.00;179,951.00;0;73;27.254;5.343;3.93;14.4;2
San Marino;2018;34,156.00;33,209.00;947;569;0;6.8;7.1;0;1.7;0
San Marino;2019;34,178.00;33,278.00;900;570;0;6.7;7.2;0;1.6;0
San Marino;2020;34,007.00;33,156.00;851;567;0;6.4;9.9;0;1.6;1
San Marino;2021;33,745.00;32,942.00;803;0;0;6.2;9.1;0;1.5;1
Sao Tome And Principe;2017;0;0;0;217;68;30.41;5.863;4.142;15.7;0
Sao Tome And Principe;2018;211,344.00;153,865.00;57,479.00;220;68;29.535;5.879;4.044;14.5;2
Sao Tome And Principe;2019;214,599.00;157,941.00;56,658.00;224;69;28.917;5.876;3.964;13.6;2
Sao Tome And Principe;2020;218,641.00;162,568.00;56,073.00;228;68;28.435;6.294;3.893;12.8;2
Sao Tome And Principe;2021;223,107.00;167,493.00;55,614.00;0;68;28.263;6.387;3.823;12.1;2
Saudi Arabia;2017;0;0;0;16;77;18.903;2.64;2.584;6.9;0
Saudi Arabia;2018;35,018,133.00;29,360,603.00;5,657,530.00;16;77;18.703;2.655;2.546;6.6;2
Saudi Arabia;2019;35,827,362.00;30,118,272.00;5,709,090.00;17;77;18.451;2.656;2.504;6.3;2
Saudi Arabia;2020;35,997,107.00;30,340,882.00;5,656,225.00;17;76;18.238;2.913;2.465;6;0
Saudi Arabia;2021;35,950,396.00;30,380,961.00;5,569,435.00;0;77;17.473;2.864;2.427;5.7;0
Senegal;2017;0;0;0;79;68;34.224;5.721;4.622;33;0
Senegal;2018;15,574,909.00;7,350,111.00;8,224,798.00;81;68;33.955;5.579;4.584;31.9;3
Senegal;2019;16,000,781.00;7,624,852.00;8,375,929.00;83;69;33.47;5.409;4.517;30.9;3
Senegal;2020;16,436,120.00;7,909,390.00;8,526,730.00;85;68;33.034;5.584;4.454;30;3
Senegal;2021;16,876,720.00;8,202,086.00;8,674,634.00;0;67;32.573;5.922;4.387;29.1;3
Serbia;2017;0;0;0;80;76;9.2;14.8;1.49;5.1;0
Serbia;2018;6,982,604.00;3,916,682.00;3,065,922.00;80;76;9.2;14.6;1.49;5;1
Serbia;2019;6,945,235.00;3,907,389.00;3,037,846.00;79;76;9.3;14.6;1.52;4.9;1
Serbia;2020;6,899,126.00;3,894,281.00;3,004,845.00;79;74;8.9;16.9;1.48;4.8;1
Serbia;2021;6,834,326.00;3,871,714.00;2,962,612.00;0;73;9.1;20;1.48;4.7;1
Seychelles;2017;0;0;0;208;74;17.2;7.8;2.41;12.6;0
Seychelles;2018;96,762.00;54,855.00;41,907.00;210;73;17.1;8.4;2.41;12.5;1
Seychelles;2019;97,625.00;55,762.00;41,863.00;212;74;16.4;8.1;2.36;12.4;1
Seychelles;2020;98,462.00;56,661.00;41,801.00;214;77;15.8;6.8;2.29;12.2;1
Seychelles;2021;99,258.00;57,542.00;41,716.00;0;73;16.8;9.3;2.46;12;1
Sierra Leone;2017;0;0;0;106;59;33.568;9.88;4.389;87.6;0
Sierra Leone;2018;7,861,281.00;3,306,062.00;4,555,219.00;109;60;33.099;9.308;4.294;85.2;2
Sierra Leone;2019;8,046,828.00;3,418,614.00;4,628,214.00;111;60;32.549;9.065;4.192;82.8;2
Sierra Leone;2020;8,233,970.00;3,534,267.00;4,699,703.00;114;60;31.914;9.296;4.08;80.5;2
Sierra Leone;2021;8,420,641.00;3,652,200.00;4,768,441.00;0;60;31.36;9.113;3.978;78.3;2
Singapore;2017;0;0;0;7,882;83;8.9;5;1.16;2.2;0
Singapore;2018;5,638,676.00;5,638,676.00;0;7,897;83;8.8;5;1.14;2.1;0
Singapore;2019;5,703,569.00;5,703,569.00;0;7,966;84;8.8;5;1.14;2;1
Singapore;2020;5,685,807.00;5,685,807.00;0;7,919;84;8.5;5.2;1.1;1.8;0
Singapore;2021;5,453,566.00;5,453,566.00;0;0;83;8.6;5.8;1.12;1.7;4
Sint Maarten (Dutch Part);2017;0;0;0;1,193;75;9;4.2;1.627;0;0
Sint Maarten (Dutch Part);2018;40,895.00;40,895.00;0;1,203;75;10.1;4;1.61;0;1
Sint Maarten (Dutch Part);2019;41,608.00;41,608.00;0;1,224;75;9.6;4.7;1.601;0;2
Sint Maarten (Dutch Part);2020;42,310.00;42,310.00;0;1,244;75;10;5.5;1.591;0;2
Sint Maarten (Dutch Part);2021;42,846.00;42,846.00;0;0;74;10.5;6.4;1.581;0;1
Slovak Republic;2017;0;0;0;113;77;10.7;9.9;1.52;5;0
Slovak Republic;2018;5,446,771.00;2,926,332.00;2,520,439.00;113;77;10.6;10;1.54;4.9;0
Slovak Republic;2019;5,454,147.00;2,930,459.00;2,523,688.00;113;78;10.5;9.8;1.57;4.8;0
Slovak Republic;2020;5,458,827.00;2,934,665.00;2,524,162.00;114;77;10.4;10.8;1.59;4.7;0
Slovak Republic;2021;5,447,247.00;2,931,708.00;2,515,539.00;0;75;10.4;13.5;1.64;4.6;0
Slovenia;2017;0;0;0;103;81;9.8;9.9;1.62;2;0
Slovenia;2018;2,073,894.00;1,131,123.00;942,771.00;103;81;9.4;9.9;1.6;1.9;0
Slovenia;2019;2,088,385.00;1,144,894.00;943,491.00;104;82;9.3;9.9;1.61;1.9;1
Slovenia;2020;2,102,419.00;1,158,811.00;943,608.00;104;81;8.9;11.4;1.59;1.8;1
Slovenia;2021;2,108,079.00;1,168,445.00;939,634.00;0;81;9;11;1.64;1.8;0
Solomon Islands;2017;0;0;0;23;70;31.743;5.11;4.218;18.2;0
Solomon Islands;2018;659,249.00;156,565.00;502,684.00;24;70;31.219;5.052;4.157;17.7;2
Solomon Islands;2019;674,993.00;163,416.00;511,577.00;24;70;30.762;4.989;4.104;17.1;2
Solomon Islands;2020;691,191.00;170,517.00;520,674.00;25;70;30.223;5.082;4.038;16.6;2
Solomon Islands;2021;707,851.00;177,869.00;529,982.00;0;70;29.785;5.028;3.983;16.1;2
Somalia;2017;0;0;0;24;56;45.457;11.891;6.738;79.1;0
Somalia;2018;15,411,094.00;6,930,523.00;8,480,571.00;25;56;44.992;11.444;6.632;77.1;4
Somalia;2019;15,981,300.00;7,280,121.00;8,701,179.00;25;57;44.564;11.041;6.531;74.9;4
Somalia;2020;16,537,016.00;7,630,345.00;8,906,671.00;26;56;44.007;11.39;6.417;72.9;3
Somalia;2021;17,065,581.00;7,974,917.00;9,090,664.00;0;55;43.561;11.596;6.312;71.1;3
South Africa;2017;0;0;0;47;65;20.643;8.802;2.334;28.3;0
South Africa;2018;57,339,635.00;38,047,715.00;19,291,920.00;47;66;21.137;8.765;2.418;27.8;1
South Africa;2019;58,087,055.00;38,834,681.00;19,252,374.00;48;66;21.276;8.614;2.475;27.3;1
South Africa;2020;58,801,927.00;39,605,450.00;19,196,477.00;48;65;20.326;9.425;2.401;26.9;1
South Africa;2021;59,392,255.00;40,295,863.00;19,096,392.00;0;62;19.821;11.432;2.374;26.4;1
South Korea;2017;0;0;0;527;83;7;5.6;1.052;2.8;0
South Korea;2018;51,585,058.00;42,020,672.00;9,564,386.00;529;83;6.4;5.8;0.977;2.8;0
South Korea;2019;51,764,822.00;42,152,095.00;9,612,727.00;530;83;5.9;5.7;0.918;2.7;0
South Korea;2020;51,836,239.00;42,201,956.00;9,634,283.00;531;83;5.3;5.9;0.837;2.6;0
South Korea;2021;51,744,876.00;42,127,573.00;9,617,303.00;0;84;5.1;6.2;0.808;2.5;0
South Sudan;2017;0;0;0;17;55;32.651;11.01;4.775;63.8;0
South Sudan;2018;10,395,329.00;2,039,044.00;8,356,285.00;16;56;30.147;10.584;4.696;63.8;2
South Sudan;2019;10,447,666.00;2,078,981.00;8,368,685.00;17;56;29.058;10.531;4.619;63.8;1
South Sudan;2020;10,606,227.00;2,142,352.00;8,463,875.00;17;55;29.166;10.759;4.543;63.8;2
South Sudan;2021;10,748,272.00;2,204,901.00;8,543,371.00;0;55;29.107;11.05;4.469;63.8;1
Spain;2017;0;0;0;93;83;8.4;9.1;1.31;2.7;0
Spain;2018;46,797,754.00;37,588,424.00;9,209,330.00;94;83;7.9;9.1;1.26;2.7;0
Spain;2019;47,134,837.00;37,974,181.00;9,160,656.00;94;84;7.6;8.8;1.23;2.7;1
Spain;2020;47,365,655.00;38,276,186.00;9,089,469.00;95;82;7.2;10.4;1.19;2.6;0
Spain;2021;47,415,750.00;38,433,310.00;8,982,440.00;0;83;7.1;9.5;1.19;2.6;0
Sri Lanka;2017;0;0;0;347;75;15.17;7.029;2.053;6.8;0
Sri Lanka;2018;21,670,000.00;4,003,749.00;17,666,251.00;350;76;14.805;7.037;2.031;6.5;1
Sri Lanka;2019;21,803,000.00;4,052,088.00;17,750,912.00;352;76;14.534;7.072;2.019;6.2;1
Sri Lanka;2020;21,919,000.00;4,101,702.00;17,817,298.00;354;76;14.235;7.056;2;6;1
Sri Lanka;2021;22,156,000.00;4,178,622.00;17,977,378.00;0;76;14.019;7.36;1.99;5.8;1
St. Kitts And Nevis;2017;0;0;0;184;72;13.211;9.443;1.61;13.6;0
St. Kitts And Nevis;2018;47,761.00;14,699.00;33,062.00;184;71;12.942;9.83;1.587;13.3;0
St. Kitts And Nevis;2019;47,712.00;14,695.00;33,017.00;184;72;12.693;9.91;1.568;13;0
St. Kitts And Nevis;2020;47,642.00;14,694.00;32,948.00;183;72;12.418;10.036;1.55;12.6;0
St. Kitts And Nevis;2021;47,606.00;14,713.00;32,893.00;0;72;12.125;10.181;1.531;12.3;0
St. Lucia;2017;0;0;0;290;73;12.114;7.968;1.448;20.7;0
St. Lucia;2018;177,888.00;33,226.00;144,662.00;292;73;11.986;7.976;1.436;21.2;0
St. Lucia;2019;178,583.00;33,491.00;145,092.00;293;73;11.834;8.068;1.424;21.7;0
St. Lucia;2020;179,237.00;33,770.00;145,467.00;294;73;11.667;8.205;1.411;22.1;0
St. Lucia;2021;179,651.00;34,026.00;145,625.00;0;71;11.49;10.299;1.399;22.4;0
St. Martin (French Part);2017;0;0;0;690;79;17.423;4.747;2.518;0;0
St. Martin (French Part);2018;33,852.00;0;0;677;81;17.022;4.176;2.517;0;2
St. Martin (French Part);2019;33,121.00;0;0;662;80;16.483;4.661;2.485;0;2
St. Martin (French Part);2020;32,553.00;0;0;651;80;15.768;4.788;2.448;0;2
St. Martin (French Part);2021;31,948.00;0;0;0;80;15.053;4.911;2.415;0;2
St. Vincent And The Grenadines;2017;0;0;0;271;74;14.269;8.592;1.932;14.3;0
St. Vincent And The Grenadines;2018;105,281.00;54,955.00;50,326.00;270;74;13.708;8.906;1.873;13.9;0
St. Vincent And The Grenadines;2019;104,924.00;55,205.00;49,719.00;269;73;13.346;10.1;1.838;13.4;0
St. Vincent And The Grenadines;2020;104,632.00;55,488.00;49,144.00;268;72;13.071;11.038;1.814;13;0
St. Vincent And The Grenadines;2021;104,332.00;55,768.00;48,564.00;0;70;12.901;13.425;1.797;12.6;0
Sudan;2017;0;0;0;22;65;35.669;6.728;4.761;43.1;0
Sudan;2018;41,999,059.00;14,549,314.00;27,449,745.00;22;66;35.236;6.647;4.681;42;3
Sudan;2019;43,232,093.00;15,103,564.00;28,128,529.00;23;66;34.823;6.586;4.617;41;3
Sudan;2020;44,440,486.00;15,666,605.00;28,773,881.00;24;66;34.226;6.67;4.542;39.9;3
Sudan;2021;45,657,202.00;16,250,768.00;29,406,434.00;0;65;33.596;6.799;4.457;38.9;3
Suriname;2017;0;0;0;4;72;18.758;6.672;2.443;17.3;0
Suriname;2018;593,715.00;392,208.00;201,507.00;4;73;18.577;6.753;2.418;16.8;1
Suriname;2019;600,301.00;396,769.00;203,532.00;4;72;18.409;7.06;2.394;16.3;1
Suriname;2020;607,065.00;401,567.00;205,498.00;4;73;18.279;7.036;2.371;15.8;1
Suriname;2021;612,985.00;405,913.00;207,072.00;0;70;18.154;8.667;2.348;15.4;1
Sweden;2017;0;0;0;25;82;11.5;9.1;1.78;2.3;0
Sweden;2018;10,175,214.00;8,896,291.00;1,278,923.00;25;83;11.4;9.1;1.76;2.2;1
Sweden;2019;10,278,887.00;9,015,406.00;1,263,481.00;25;83;11.1;8.6;1.71;2.1;1
Sweden;2020;10,353,442.00;9,108,648.00;1,244,794.00;25;82;10.9;9.5;1.67;2.1;1
Sweden;2021;10,415,811.00;9,190,703.00;1,225,108.00;0;83;11;8.8;1.67;2;1
Switzerland;2017;0;0;0;214;84;10.3;7.9;1.52;3.6;0
Switzerland;2018;8,514,329.00;6,283,319.00;2,231,010.00;215;84;10.3;7.9;1.52;3.6;1
Switzerland;2019;8,575,280.00;6,332,759.00;2,242,521.00;217;84;10;7.9;1.48;3.5;1
Switzerland;2020;8,638,167.00;6,384,901.00;2,253,266.00;219;83;9.9;8.8;1.46;3.4;1
Switzerland;2021;8,703,405.00;6,440,172.00;2,263,233.00;0;84;10.3;8.2;1.52;3.4;1
Syrian Arab Republic;2017;0;0;0;103;68;18.568;6.033;2.939;19.1;0
Syrian Arab Republic;2018;19,333,463.00;10,471,390.00;8,862,073.00;105;70;18.155;5.554;2.886;19.2;2
Syrian Arab Republic;2019;20,098,251.00;11,018,062.00;9,080,189.00;109;72;18.883;5.033;2.835;18.8;4
Syrian Arab Republic;2020;20,772,595.00;11,523,597.00;9,248,998.00;113;72;19.67;4.99;2.798;18.8;3
Syrian Arab Republic;2021;21,324,367.00;11,968,088.00;9,356,279.00;0;72;20.111;5.117;2.747;18.4;3
Tajikistan;2017;0;0;0;64;70;28.932;5.172;3.29;31;0
Tajikistan;2018;9,128,132.00;2,476,827.00;6,651,305.00;66;70;28.688;5.014;3.294;30.2;2
Tajikistan;2019;9,337,003.00;2,549,842.00;6,787,161.00;67;71;28.267;4.843;3.281;29.4;2
Tajikistan;2020;9,543,207.00;2,624,955.00;6,918,252.00;69;68;27.53;6.121;3.237;28.5;2
Tajikistan;2021;9,750,064.00;2,703,303.00;7,046,761.00;0;72;26.749;4.548;3.186;27.6;2
Tanzania;2017;0;0;0;64;66;38.058;6.402;4.993;38.2;0
Tanzania;2018;58,090,443.00;19,620,628.00;38,469,815.00;66;67;37.525;6.177;4.923;36.8;3
Tanzania;2019;59,872,579.00;20,656,040.00;39,216,539.00;68;67;37.113;6.012;4.864;35.9;3
Tanzania;2020;61,704,518.00;21,736,651.00;39,967,867.00;70;66;36.651;6.179;4.795;34.9;3
Tanzania;2021;63,588,334.00;22,862,550.00;40,725,784.00;0;66;36.21;6.222;4.726;34.1;3
Thailand;2017;0;0;0;139;78;9.98;6.897;1.41;8.4;0
Thailand;2018;71,127,802.00;35,527,626.00;35,600,176.00;139;79;9.662;7.027;1.378;8.1;0
Thailand;2019;71,307,763.00;36,147,331.00;35,160,432.00;140;79;9.377;7.14;1.352;7.7;0
Thailand;2020;71,475,664.00;36,759,934.00;34,715,730.00;140;79;9.182;7.264;1.341;7.4;0
Thailand;2021;71,601,103.00;37,349,283.00;34,251,820.00;0;79;8.999;7.922;1.331;7.1;0
Timor0Leste;2017;0;0;0;84;68;26.487;7.163;3.596;48.6;0
Timor0Leste;2018;1,261,845.00;385,847.00;875,998.00;85;68;25.921;7.012;3.452;47.1;1
Timor0Leste;2019;1,280,438.00;396,257.00;884,181.00;86;68;25.511;6.888;3.336;45.7;1
Timor0Leste;2020;1,299,995.00;407,158.00;892,837.00;87;68;25.258;6.831;3.247;44.3;2
Timor0Leste;2021;1,320,942.00;418,673.00;902,269.00;0;68;24.944;7.233;3.149;43.1;2
Togo;2017;0;0;0;144;60;33.656;8.803;4.503;48.2;0
Togo;2018;8,046,679.00;3,355,626.00;4,691,053.00;148;60;33.186;8.766;4.442;46.8;2
Togo;2019;8,243,094.00;3,482,542.00;4,760,552.00;152;61;32.756;8.465;4.385;45.6;2
Togo;2020;8,442,580.00;3,613,424.00;4,829,156.00;155;61;32.302;8.417;4.323;44.5;2
Togo;2021;8,644,829.00;3,748,225.00;4,896,604.00;0;62;31.856;8.168;4.257;43.4;2
Tonga;2017;0;0;0;146;71;24.015;6.855;3.407;10.4;0
Tonga;2018;105,150.00;24,322.00;80,828.00;146;71;23.625;6.888;3.349;10.2;0
Tonga;2019;104,951.00;24,251.00;80,700.00;146;71;23.424;6.909;3.315;10.1;0
Tonga;2020;105,254.00;24,313.00;80,941.00;146;71;23.139;6.946;3.267;9.8;0
Tonga;2021;106,017.00;24,494.00;81,523.00;0;71;23.045;6.97;3.237;9.6;1
Trinidad And Tobago;2017;0;0;0;288;74;12.909;7.386;1.662;16.5;0
Trinidad And Tobago;2018;1,504,709.00;800,264.00;704,445.00;293;74;12.557;7.783;1.651;16;2
Trinidad And Tobago;2019;1,519,955.00;808,418.00;711,537.00;296;74;12.359;7.701;1.643;15.5;1
Trinidad And Tobago;2020;1,518,147.00;807,867.00;710,280.00;296;74;11.946;7.9;1.631;15;0
Trinidad And Tobago;2021;1,525,663.00;812,644.00;713,019.00;0;73;11.687;9.131;1.626;14.6;0
Tunisia;2017;0;0;0;76;76;18.399;5.974;2.221;14.7;0
Tunisia;2018;11,933,041.00;8,227,235.00;3,705,806.00;77;76;17.737;6.04;2.174;14.6;1
Tunisia;2019;12,049,314.00;8,344,632.00;3,704,682.00;78;76;17.215;6.145;2.148;14.5;1
Tunisia;2020;12,161,723.00;8,460,667.00;3,701,056.00;78;75;16.628;6.752;2.114;14.3;1
Tunisia;2021;12,262,946.00;8,570,328.00;3,692,618.00;0;74;16.093;7.884;2.086;14;1
Turkey;2017;0;0;0;107;77;17.368;5.129;2.14;9.8;0
Turkey;2018;82,809,304.00;62,225,395.00;20,583,909.00;108;78;16.481;5.065;2.054;9.2;1
Turkey;2019;83,481,684.00;63,137,198.00;20,344,486.00;108;78;15.594;5.084;1.967;8.6;1
Turkey;2020;84,135,428.00;64,031,267.00;20,104,161.00;109;76;15.033;6.378;1.917;8.1;1
Turkey;2021;84,775,404.00;64,911,679.00;19,863,725.00;0;76;14.678;6.398;1.889;7.7;1
Turkmenistan;2017;0;0;0;13;69;24.648;6.537;2.836;37.2;0
Turkmenistan;2018;6,065,066.00;3,129,150.00;2,935,916.00;13;69;23.845;6.639;2.786;37.2;2
Turkmenistan;2019;6,158,420.00;3,205,334.00;2,953,086.00;13;69;23.055;6.583;2.74;36.9;2
Turkmenistan;2020;6,250,438.00;3,282,480.00;2,967,958.00;13;69;22.294;6.836;2.701;36.5;1
Turkmenistan;2021;6,341,855.00;3,361,056.00;2,980,799.00;0;69;21.592;6.585;2.667;35.8;1
Turks And Caicos Islands;2017;0;0;0;42;77;13.308;7.328;1.741;4.2;0
Turks And Caicos Islands;2018;41,487.00;38,624.00;2,863.00;44;76;13.13;7.651;1.723;4.1;4
Turks And Caicos Islands;2019;43,080.00;40,219.00;2,861.00;45;75;12.849;8.458;1.692;4;4
Turks And Caicos Islands;2020;44,276.00;41,445.00;2,831.00;47;75;12.685;8.823;1.679;3.9;3
Turks And Caicos Islands;2021;45,114.00;42,332.00;2,782.00;0;75;12.476;9.241;1.669;3.8;2
Tuvalu;2017;0;0;0;361;64;22.999;10.082;3.186;20.6;0
Tuvalu;2018;10,865.00;6,778.00;4,087.00;362;64;23.508;10.107;3.209;20;0
Tuvalu;2019;10,956.00;6,926.00;4,030.00;365;64;23.619;10.161;3.199;19.3;1
Tuvalu;2020;11,069.00;7,086.00;3,983.00;369;64;23.632;10.188;3.188;18.7;1
Tuvalu;2021;11,204.00;7,259.00;3,945.00;0;65;23.484;10.159;3.163;18.1;1
UAE;2017;0;0;0;128;80;10.62;1.202;1.419;6.2;0
UAE;2018;9,140,169.00;7,908,257.00;1,231,912.00;129;80;10.049;1.324;1.356;6;1
UAE;2019;9,211,657.00;7,994,705.00;1,216,952.00;130;80;9.75;1.471;1.334;5.8;1
UAE;2020;9,287,289.00;8,084,399.00;1,202,890.00;131;79;10.62;1.766;1.46;5.6;1
UAE;2021;9,365,145.00;8,175,678.00;1,189,467.00;0;79;10.307;1.874;1.46;5.4;1
Uganda;2017;0;0;0;200;62;38.343;6.169;5.052;36;0
Uganda;2018;41,515,395.00;9,869,870.00;31,645,525.00;207;63;38.062;5.939;4.932;34.4;3
Uganda;2019;42,949,080.00;10,462,825.00;32,486,255.00;214;63;37.667;5.823;4.809;33.2;3
Uganda;2020;44,404,611.00;11,080,727.00;33,323,884.00;221;63;37.252;5.852;4.693;32.1;3
Uganda;2021;45,853,778.00;11,717,016.00;34,136,762.00;0;63;36.795;5.877;4.585;31.2;3
Ukraine;2017;0;0;0;77;72;9.4;14.5;1.374;7.6;0
Ukraine;2018;44,622,518.00;30,946,609.00;13,675,909.00;77;72;8.7;14.8;1.301;7.4;0
Ukraine;2019;44,386,203.00;30,836,427.00;13,549,776.00;77;72;8.1;14.7;1.228;7.3;1
Ukraine;2020;44,132,049.00;30,719,437.00;13,412,612.00;76;71;7.8;15.9;1.217;7.1;1
Ukraine;2021;43,792,855.00;30,548,582.00;13,244,273.00;0;70;7.3;18.5;1.16;7;1
United Kingdom;2017;0;0;0;273;81;11.4;9.2;1.74;3.8;0
United Kingdom;2018;66,460,344.00;55,426,598.00;11,033,746.00;275;81;11;9.2;1.68;3.8;1
United Kingdom;2019;66,836,327.00;55,909,924.00;10,926,403.00;276;81;10.7;9;1.63;3.8;1
United Kingdom;2020;67,081,234.00;56,283,168.00;10,798,066.00;277;80;10.1;10.1;1.56;3.7;0
United Kingdom;2021;67,026,300.00;56,403,972.00;10,622,328.00;0;81;10.1;9.7;1.56;3.7;0
United States;2017;0;0;0;36;79;11.8;8.638;1.766;5.7;0
United States;2018;326,838,199.00;268,844,029.00;57,994,170.00;36;79;11.6;8.678;1.73;5.6;1
United States;2019;328,329,953.00;270,737,596.00;57,592,357.00;36;79;11.4;8.7;1.706;5.5;0
United States;2020;331,511,512.00;274,040,676.00;57,470,836.00;36;77;10.9;10.3;1.642;5.4;1
United States;2021;332,031,554.00;275,164,510.00;56,867,044.00;0;76;11;10.4;1.664;5.4;0
Uruguay;2017;0;0;0;20;78;12.579;9.724;1.796;6.8;0
Uruguay;2018;3,427,042.00;3,267,136.00;159,906.00;20;78;11.605;9.863;1.658;6.3;0
Uruguay;2019;3,428,409.00;3,271,594.00;156,815.00;20;78;10.822;10.057;1.546;5.8;0
Uruguay;2020;3,429,086.00;3,275,291.00;153,795.00;20;78;10.339;9.432;1.477;5.4;0
Uruguay;2021;3,426,260.00;3,275,607.00;150,653.00;0;75;10.473;12.162;1.493;5;0
Uzbekistan;2017;0;0;0;74;71;22.1;5;2.419;15.2;0
Uzbekistan;2018;32,956,100.00;16,635,580.00;16,320,520.00;75;71;23.3;4.7;2.604;14.4;2
Uzbekistan;2019;33,580,350.00;16,935,578.00;16,644,772.00;76;71;24.3;4.6;2.785;13.8;2
Uzbekistan;2020;34,232,050.00;17,258,430.00;16,973,620.00;78;70;24.6;5.1;2.904;13.2;2
Uzbekistan;2021;34,915,100.00;17,606,637.00;17,308,463.00;0;71;25.9;5;3.173;12.6;2
Vanuatu;2017;0;0;0;24;70;31.484;5.829;3.91;21.9;0
Vanuatu;2018;297,298.00;75,139.00;222,159.00;24;70;30.889;5.739;3.855;21.4;2
Vanuatu;2019;304,404.00;77,300.00;227,104.00;25;70;30.4;5.663;3.813;20.9;2
Vanuatu;2020;311,685.00;79,558.00;232,127.00;26;70;29.939;5.487;3.778;20.3;2
Vanuatu;2021;319,137.00;81,907.00;237,230.00;0;70;29.438;5.395;3.735;19.7;2
Venezuela;2017;0;0;0;35;72;18.502;6.735;2.294;21.1;0
Venezuela;2018;29,825,653.00;26,308,612.00;3,517,041.00;34;72;17.832;6.864;2.272;21.1;2
Venezuela;2019;28,971,683.00;25,564,613.00;3,407,070.00;33;72;16.888;7.017;2.25;21.1;3
Venezuela;2020;28,490,453.00;25,151,087.00;3,339,366.00;32;71;16.213;7.575;2.23;21.1;2
Venezuela;2021;28,199,867.00;24,907,533.00;3,292,334.00;0;71;15.877;8.124;2.211;21.1;1
Vietnam;2017;0;0;0;300;74;16.1;6.577;1.93;17.1;0
Vietnam;2018;94,914,330.00;34,092,278.00;60,822,052.00;303;74;15.873;6.663;1.937;17;1
Vietnam;2019;95,776,716.00;35,081,096.00;60,695,620.00;306;74;15.663;6.706;1.948;16.8;1
Vietnam;2020;96,648,685.00;36,088,619.00;60,560,066.00;308;75;15.4;6.169;1.955;16.6;1
Vietnam;2021;97,468,029.00;37,088,534.00;60,379,495.00;0;74;15.008;7.317;1.944;16.4;1
Virgin Islands (U.S.);2017;0;0;0;307;79;12.8;7.7;2.08;0;0
Virgin Islands (U.S.);2018;107,001.00;102,422.00;4,579.00;306;80;12.6;7.9;2.06;0;0
Virgin Islands (U.S.);2019;106,669.00;102,223.00;4,446.00;305;80;12.3;8.2;2.05;0;0
Virgin Islands (U.S.);2020;106,290.00;101,974.00;4,316.00;304;80;12.1;8.4;2.03;0;0
Virgin Islands (U.S.);2021;105,870.00;101,678.00;4,192.00;0;80;11.8;8.6;2.01;0;0
West Bank And Gaza;2017;0;0;0;740;75;30.973;3.26;3.807;14.7;0
West Bank And Gaza;2018;4,569,087.00;3,479,999.00;1,089,088.00;759;75;30.126;3.317;3.712;14.1;3
West Bank And Gaza;2019;4,685,306.00;3,581,448.00;1,103,858.00;778;75;29.466;3.225;3.642;13.7;3
West Bank And Gaza;2020;4,803,269.00;3,685,020.00;1,118,249.00;798;74;28.8;3.489;3.57;13.2;2
West Bank And Gaza;2021;4,922,749.00;3,790,664.00;1,132,085.00;0;73;28.236;3.815;3.504;12.8;2
Yemen;2017;0;0;0;57;66;32.713;6.082;4.112;46;0
Yemen;2018;30,790,513.00;11,282,260.00;19,508,253.00;58;65;32.305;6.629;4.043;46.6;2
Yemen;2019;31,546,691.00;11,758,398.00;19,788,293.00;60;65;31.778;6.416;3.963;46.5;2
Yemen;2020;32,284,046.00;12,238,236.00;20,045,810.00;61;65;31.252;6.509;3.886;45.8;2
Yemen;2021;32,981,641.00;12,713,103.00;20,268,538.00;0;64;30.544;6.845;3.795;46.7;2
Zambia;2017;0;0;0;23;62;36.601;6.809;4.614;44.2;0
Zambia;2018;17,835,893.00;7,762,359.00;10,073,534.00;24;62;36.04;6.748;4.536;43.6;3
Zambia;2019;18,380,477.00;8,100,644.00;10,279,833.00;25;63;35.462;6.571;4.451;42.4;3
Zambia;2020;18,927,715.00;8,447,250.00;10,480,465.00;25;62;34.953;6.602;4.379;41.1;3
Zambia;2021;19,473,125.00;8,800,295.00;10,672,830.00;0;61;34.511;6.973;4.308;40.2;3
Zimbabwe;2017;0;0;0;38;61;32.516;8.266;3.706;39.5;0
Zimbabwe;2018;15,052,184.00;4,848,158.00;10,204,026.00;39;61;32.074;7.972;3.659;38;2
Zimbabwe;2019;15,354,608.00;4,945,719.00;10,408,889.00;40;61;31.518;8.043;3.599;37.1;2
Zimbabwe;2020;15,669,666.00;5,052,214.00;10,617,452.00;41;61;31.009;8.132;3.545;36.6;2
Zimbabwe;2021;15,993,524.00;5,166,388.00;10,827,136.00;0;59;30.537;9.057;3.491;35.7;2
